#,Title,Authors,Abstract,Announced,URL,DOI
1,Research and Realization of UAV Level Measure Data Processing System Based on VB6.0,He Ying,"On the basis of VB6.0 and Access2003,UAV Level Measure Data Processing System was built up successfully by the object-oriented technology.The efficiency and dependability of data processing was improved greatly.So,this development idea is helpful to the exploitation of some data processing system oriented to small databases.",,https://academic.microsoft.com/paper/2364921789
2,A Designed Method of UAV Flight Simulation System,Qin Shuo,"This paper designed a kind of UAV flight simulation system.Introduced the hardware construct and the modeling method of software wholly,the key technology was introduced,it was demonstrated by digital simulation and get good result.",,https://academic.microsoft.com/paper/2350609099
3,The Evaluation Model of UAV Combat Effectiveness,YE Guang-qing,"Based on the method of hierachical analysis,by use of the method of fuzzy evaluation,this paper synthetically takes the UAV's own system and various cases in battle into account,presents a complete evaluation indexes system of the UAV's operation efficiency.The model of the operation efficiency of the UAV is established,including the method of hierachical analysis and fuzzy system theory in the synthetic computation of efficiency indexes,realizes the quantitative evaluation of the VAV's operation efficiency.And the accuracy of the model is proved by simulation computation.The research's result avoids complex reasoning process and mades computation very convenient,which can be applied to the UAV's development demonstration and practical operation.",,https://academic.microsoft.com/paper/2350536831
4,Application of Incoherent Ranging Technique in UAV Telemetry and Telecontrol System,Gao Hong-tao,"In UAV telemetry and telecontrol system, the coherent ranging technique is generally used. Its technical principle is simple, but it may bring some problems to UAV telemetry and telecontrol system,By the mathematical formula derivation, the mathematical formula of incoherent ranging principle is given, and the mathematical formula of the specific implementation of incoherent ranging is further derived. Performance specifications of incoherent ranging are given. By specific design, incoherent ranging is implemented in UAV telemetry and telecontrol system, which perfectly solves the problems of coherent ranging.",,https://academic.microsoft.com/paper/2357829861
5,Architecture and Key Technologies of UAV Core-computer,Zhu Zhiqiang,"Based on the autonomous control platform of unmanned combat aerial vehicles(UCAVs),the architecture of the core-computer is proposed.This core-computer can meet the requirements of real-time response,information processing and intelligence decision,even under hash environment.Meanwhile,this core-computer is such a hybrid computer that integrates the multiprocessor technology,neural network and fuzzy reasoning.",,https://academic.microsoft.com/paper/2375052709
6,Discussion on autonomous formation flight control technique of UAV,LI Ai-jun,"According to performance requirement for future unmanned air vehicles(UAV),the functional features and core technologies of UAV formation flight are described in detail.Formation flight of UAV can be divided in scout formation,combat formation and cooperative formation according to flight mission requirement of UAVs.The critical technologies for UAV formation flight control is also studied,and formation reconfiguration is discussed in the end.",,https://academic.microsoft.com/paper/2355928153
7,Control and Simulation of UAV Trajectory Tracking,Liu Cheng-guo,"In this paper a nonlinear flight trajectory tracking system applied to inverse control for UAV is synthesized.The system consists of a guidance law and a basic attitude controller.According to the singularity perturbation theory,dynamic inversion is adopted to design the basic attitude controller including fast inverse loop and slow inverse loop.The guidance forces are deduced from the commanded acceleration for guiding the UAV flying along the desired trajectory.The attitude commands are calculated from Guidance forces for desired trajectory tracking and are fed into the basic attitude controller as input signals.Simulation results for an UAV are presented to illustrate the performance of the maneuver trajectory tracking control system.The results show the effectiveness and practicability of the method.",,https://academic.microsoft.com/paper/2371427552
8,"Weaponized UAV,an important unmanned platform for airborne weapon launching","Wang Li-wei,Chen Jian-ming","Weaponized UAVs are different from UCAVs.In this paper,the development of weaponized UAVs in the world is introduced,the mission system and airborne equipments of weaponized UAV are presented.It is supposed that UAV weaponization is an important trend in the development of UAVs.Compared with the UCAV and de-manned version of a manned fighter,weaponized UAV will be a simple and mature approach for realizing unmanned aerial weapon releasing platform.",,https://academic.microsoft.com/paper/2393111498
9,Research of the Damageable Connection Structure between UAV′s Mid-wing and Boom,"Dang Ying,MA Xiao-ping","This paper focuses on the problem of crucial components damage of pint and medium-sized unmanned air vehicles that adopts the general layout of double booms,and a push forward propeller engine in the case of hard landing.The reason of mid-wing damage and the method of reduce damage are analyzed.Feasibility of boom connection joint that is susceptible to damage is demonstrated,the principle is given,and the problem is resolved efficaciously.",,https://academic.microsoft.com/paper/2372224482
10,Simulation and Experiment of a Hybrid DGPS/INS Navigation System for UAV Approach and Landing,Cui Zhongxing,"In this paper,a hybrid DGPS / INS navigation system using output-correction Kalman filter is presented for the UAV approach and landing.The architecture and mathematical model of the hybrid navigation system is also presented.Numerical simulation and dynamic physical experiments using this output correction Kalman filter are made to validate the positioning precision of the DGPS /INS navigation system.The analysis and experiment results show that this hybrid DGPS /INS navigation system can conform to the requirements for UAV approach and landing.",,https://academic.microsoft.com/paper/2392678029
11,A design of the small-scaled UAV's simple flight control system,"Chen Jian,Zheng Zhong-pei","In this article,a simple flight control system is designed.It adapts to the unmanned aerial vehicle(UAV)which flies at a low speed,is small scaled and has nature stability.The system is to be used to control the UAV to fly on the presumptive route.In the process of designing,the two negative feedback loops with PID controller,and the navigation methodology based on the GPS with the compensation of the magnetic compass are built up.Just a few sensors and servos are required by this flight control system.The system is widely applicable to the low-speed/small-scaled/nature-stability UAVs.It has good static and kinetic qualities.It is cheap and can be operated simply.",,https://academic.microsoft.com/paper/2383486143
12,Standard Interfaces Technology for UCS (UAV Control Station) for UAVS(Unmanned Air Vehicle Systems) Interoperability,"QU Dong-cai,Chen Weiliang,Chen Qi,Zhang Rui-zhi","Although the modulation and standardization design of Unmanned Air Vehicles(UAVs) has basically been realized,the interoperability for UAV control stations,even for UAV systems,was deficient.Therefore,based on the massive researches,the American-led NATO(North Atlantic Treaty Organization) has developed the non-patent UAV Control Station(UCS) interoperability standard interfaces——STANAG(Standardization Agreement) 4586 standard interfaces.In this article,based on the related findings,the STANAG 4586 standardization interfaces technologies are briefly presented,including development background,functional architecture,payload control,mission messages,network environment,and warning detection system.",,https://academic.microsoft.com/paper/2378861515
13,Design of Simulation Platform for UAV's Telemetry and Telecontrol Communication Network,Feng Li-bin,"It is introduced the conception model for UAV's telemetry and telecontrol communication network and its key algorithm,such as the performance of data link,the route protocol,the encryption and authentication algorithms.Furthermore,a design is proposed based on the model with a distributed architecture of LAN,and the last part of the paper figures out the prefe-(rable) performance of the expansibility of system and the reutilization of the simulation components.",,https://academic.microsoft.com/paper/2373015312
14,Research of UAV Meteorological Exploration Data Acceptance and Treatment System Software,Shen Huai-rong,"Data acceptance and treatment subsystem is an important component of Unmanned Aerial Vehicle(UAV) meteorological exploration system.The constitution of UAV meteorological exploration system was introduced.Characteristics and requirement of data acceptance and treatment system were analyzed.Based on Windows operation system,the design of data acceptance and treatment system software using object oriented programming method was proposed.Several correlative key technologies were analyzed and discussed.The implementation of the system software was finished successfully.The software is fully used in actual project execution and gets a good effect.",,https://academic.microsoft.com/paper/2347966299
15,Adjust Fire Goal with UAV based on Dynamic Bayesian Network,Gao Xiao-guang,"Dynamic Bayesian Networks are a powerful methodology for representing and computing with uncertain problem of stochastic processes.We combine Hidden Markov Models with Bayesian Network to rearch photo gained by UAV,and build a battlefield dynamic model base on Dynamic Bayesian Networks.In the end,we use a Viterbi algorithm to inference and get the best estimate about hidden sequence.The next step,we can use Fuzzy inference to get number of area that should shoot first.The model can provide correct and useful information for commander so that he can separate important things from general and decide how to use shellfire better.",,https://academic.microsoft.com/paper/2353901129
16,Application of temperature sensors in control system of UAV,"Fan Qiong-jian,Yang Zhong","Two kinds of temperature measuring circuits are designed through analyzing the principle of two temperature sensor used in the flight control system and discussing the implementation method of nonlinear correcting hardward and solfward of the platinum resistor.They have advantages of small size,simple circuit construction,easy debugging,wide measuring range,high reliability and being easy to use.The experimental results show that two kinds of temperature sensors meet nicely the demand which UAV can respond to low ambient temperature in time,improving the reliability and security of UAV during carrying out missions.",,https://academic.microsoft.com/paper/2382826025
17,Analysis of Kill Probability for Anti-radiation UAV against Target,Hua Liu-qi,"Based on the theoretical analysis of shoot and condition kill probability for anti-radiation UAV,a method of calculating killprobability for anti-radiation UAV againstsurface radar target was proposed.By presenting an example of calculating the corresponding probability of one anti-radiation UAV,it shows the proposed method can serve as an easy and feasible way of estimating the operation effectiveness for anti-radiation UAV.",,https://academic.microsoft.com/paper/2378325513
18,OPTICAL FLOW NAVIGATION FOR AN OUTDOOR UAV USING A WIDE ANGLE MONO CAMERA AND DEM MATCHING,"V. Tchernykh,M. Beck,K. Janschek","Abstract   Visual navigation for low altitude unmanned aerial vehicles (UAV) shows many scientific and technical challenges in terms of navigation performances, complex 3D environment, high computational requirements for real-time image processing and very limited onboard mass and power resources.  The current paper presents a concept of a visual navigation system, based on a wide angle mono camera as vision sensor and matching of the recovered and reference 3D environment, modeled by a digital elevation map (DEM). The recovered 3D models are being produced by real-time optical flow processing of the navigation camera images. An embedded optical correlator is introduced, which allows a robust and ultra high-speed optical flow processing under different and even unfavorable illumination conditions. The proposed concept can be augmented by any state-of-the art navigation aids, e.g. GPS, IMU, magnetometers. The current paper discusses the general principles and structure of the navigation system as a vision only system, i.e. without any additional navigation aids, and with instantaneous determination of the vehicle state, i.e. without time filtering. The paper gives also detailed end-to-end visual navigation performance results, based on a detailed software simulation model of the visual navigation system, including the optical correlator as the key component for ultra-high speed image processing.",,https://academic.microsoft.com/paper/2021119361
19,The Study On Bonding Technique for the Blended Wing Body Minitype UAV,Cai Wen-feng,"In this paper,the bonding technique for the blended wing body mini UAV is presented.The structure characteristics of BWB mini UAV,the main parts and subassemblies in UAV are detailed.The selection of the adhesive,bonding procedure conditions and basic performances of some suitable adhesives to bonding UAV are emphasized on.It describes the bonding processing for UAV assembly,including the joint parts preassembling,the influence factors of surface treatment,different treatment methods for various materials,adhesive spreading,components assembling and adhesive curing etc.After several decades' tests,the application results show that the bonding technique is credible and it meets the flight demands.",,https://academic.microsoft.com/paper/2363540757
20,Application of UAV system in electro-optical countermeasure,Wang Xiao,"According to the great effect of UAV in high technology war,the main,applications of UAV system in electro-optical countermeasure are described in four ways,which are electro-optical surveillance/warning, electro-optical active attack,electro-optical defense and electro-optical equipment training/simulating. Simultaneously,with the wide application of military UAV in great powers,the feasibility of countermeasure to UAV is briefly analyzed based on the technical features and tactical characteristics of UAV.The conclusion is drawn that UAV is the important platform of electro-optical countermeasure,as well as one of objects of countermeasure.",,https://academic.microsoft.com/paper/2366202529
21,Study on Path Planning for UAV Based on Probabilistic Roadmap Method,Zhu Hua-yong,"Some ubiquity problems in path planning Algorithm for UAV were discussed, then a fast and effective path planning Algorithm for UAV, the Probabilistic Roadmap Method, was introduced. The realization steps of Probabilistic Roadmap Method were described elaborately. Some modification have made to the process of Probabilistic Roadmap Method. The time characteristic of the modified algorithm has obviously advanced. The advantages and disadvantages that between improved Probabilistic Roadmap Method and conventional Probabilistic Roadmap Method practiced in path planning for UAV were discussed, and the simulation result is represented. Some way, the Probabilistic Roadmap Method applied in projects need improve, was summarized.",,https://academic.microsoft.com/paper/2381469031
22,Capability Analysis of Target Separtion and Location of the Minitype SAR on UAV,Shi Li-hui,"This paper analyses the basic working modes of minitype SAR on UAV for field reconnaissance,discusses the difference between SAR resolution and target separation capability.From the imaging geometry of the airborne SAR,this paper studies the influence extent to the target location precision from platform course measurement error,platform position measurement error,platform velocity measurement error,radar altitude error,bevel range measurement error of radar,and presents aviewpoint of combining the real-time location and image location.These results are very significant for the SAR design and application.",,https://academic.microsoft.com/paper/2371764832
23,Transient Response Analysis for a Smart UAV Considering Dynamic Loads by Rotating Rotor and Wakes,"Hyun-Jung Kim,Se-Won Oh,Sung-Jun Kim,Ik-Hyeon Choi,Tae-Wook Kim","In this study, structural vibration analyses of a smart unmanned aerial vehicle (UAV) have been conducted considering dynamic loads generated by rotating rotor and wakes. The present UAV (TR-S5-03) finite element model is constructed as a full three-dimensional configuration with different fuel conditions and tilting angles for helicopter, transition and airplane flight modes. Practical computational procedure for modal transient response analysis (MTRA) is established using general purpose finite element method (FEM) and computational fluid dynamics (CFD) technique. The dynamic loads generated by rotating blades in the transient and forward flight conditions are calculated by unsteady CFD technique with sliding mesh concept. As the results of present study, transient structural displacements and accelerations are presented in detail. In addition, vibration characteristics of structural parts and installed equipments are investigated for different fuel conditions and tilting angles.",,https://academic.microsoft.com/paper/292130157
24,The UAV Longitudinal Channel Control Based on ADRC,Zhang Li,"The paper mainly introduces the characters of active-disturbance rejection controller(ADRC).The ADRC doesn't rely on the accurate math mode of controlled object and it can compensate the system's inner and outer disturbances.According to the characters of ADRC,the paper provides a new method in UAV's longitudinal channel control.The closed loop system can make the pitching angle accurately tracked and controlled without changing its controller's parameters in different flight states.The ADRC also realizes the velocity loop and the pitching angle loop's decoupling control.The result of the simulation shows that the system is good in dynamic response and robustness.",,https://academic.microsoft.com/paper/2369272933
25,"Terminal phase vision-based target recognition and 3D pose estimation for a tail-sitter, vertical takeoff and landing unmanned air vehicle","Allen C. Tsai,Peter W. Gibbens,R. Hugh Stone","This paper presents an approach to accurately identify landing targets and obtain 3D pose estimates for vertical takeoff and landing unmanned air vehicles via computer vision methods. The objective of this paper is to detect and recognize a pre-known landing target and from that landing target obtain the 3D attitude information of the flight vehicle with respect to the landing target using a single image. The Hu's invariant moments' theorem is used for target identification and parallel lines of the target shape are investigated to obtain the flight vehicle orientation. Testing of the proposed methods is carried out on flight images obtained from a camera onboard a tail-sitter, vertical takeoff and landing unmanned air vehicle.",,https://academic.microsoft.com/paper/2750922451
26,Modeling and Simulation for A UAV in Ground Motion During Landing,Cao Mei-wen,"In the course of landing, the UAV has the unique dynamical characteristics in ground motion different from that of flight. Establishing the mathematics model of unmanned plane in this stage has important meaning for realizing the safe landing of UAV. As regards a certain type of UAV, the strength pressed on the UAV is analyzed; a nonlinear modal of UAV in ground motion is established. With the simulation environment of Matlab/Simulink, a simulation system is designed. The comparison between data of real state of flight and simulation result indicates that the model can be used.",,https://academic.microsoft.com/paper/2392024902
27,Thermal and Creep Analysis of an Exhaust Duct of Smart UAV with FGM,"Im Jongbin,Park Jungsun,윤동영,이정진","The high temperature occurs due to the combustion gas from engine in unmanned aerial vehicles (UAV). The high temperature may cause serious damages in UAV structure. The Functionally Graded Material (FGM) is chosen as a candidate material of the engine duct structure. A functionally graded material (FGM) is a two- component mixture composed by compositional gradient materials from one material to the other. In contrast, traditional composite materials are homogeneous mixtures, and involve compositions between the desirable properties of the component materials. Since significant proportions of an FGM contain the pure form of each material, the need for compromise is eliminated. The properties of both components can be fully utilized. Thermal stress analysis of FGM layers (20, 40, 60, 80 and 100) is performed in this paper. In addition, the creep behavior of FGM applied in duct structure of an engine is analyzed for better understanding of FGM characteristics.",,https://academic.microsoft.com/paper/24662490
28,Space Decomposition Network Based Path Planning for Unmanned Air Vehicles,Lei Hu-min,"A path planning method for UAVs is presented.First,through mission scenario,a Voronoi diagram is constructed,based on this,space decomposition network model and Resenthal algorithm are used to compute the coarse path-a series of straight-line segments and not flyable.Then,using a series of cubic splines to connect these straight-line segments,the path is refined into an optimal one that is flyable for the UAVs.Simulation result shows that this method is simple,effective and of a certain value in application.",,https://academic.microsoft.com/paper/2350790308
29,Analysis of Jamming Capability of Communication Countermeasure UAV Based on FDTD Method,Zhou Xiao-hui,"Antenna is an essential component of communication countermeasure system,and its performance directly affects the whole system's combat effectiveness.FDTD method is used to analyze the VHF jamming antenna of the communication countermeasure UAV and the radiation pattern is calculated.The communication suppressing zone is introduced to evaluate the jamming capability of the UAV and a new method is proposed to calculate it while the flight attitude is facultative. The simulation results prove the method's feasibility and validity.",,https://academic.microsoft.com/paper/2371978725
30,Study on Path Planning for UAV Based on Mathematical Morphology,Zhou De-yun,"A path planning scheme for UAV is studied based on mathematical morphology,which emphasis on initial path planning layout based on real terrain data and erose fire threats.Results of simulation show the initial layout is un- dersize and wieldy realization.",,https://academic.microsoft.com/paper/2374667498
31,Position control and attitude stabilization of a ducted fan VTOL UAV in crosswind,"Jean Michel Pflimlin,Philippe Souères,Tarek Hamel,Robert Mahony",Abstract   This paper describes a control strategy to stabilize the position of a Vertical Takeoff and Landing (VTOL) Unmanned Aerial Vehicle (UAV) in crosswind. The proposed approach takes advantage of the cascade structure of the system to design a hierarchical controller involving a High Level Controller devoted to position control and a Low Level Controller devoted to attitude stabilization. Both controllers are designed by means of backstepping techniques that allow the stabilization of the vehicle's position while on-line estimation of the unknown aerodynamic forces. Simulations as well as experimental results are presented to illustrate the concept.,,https://academic.microsoft.com/paper/1561046902
32,Formulation and a MOGA based approach for multi-UAV cooperative reconnaissance,"Jing Tian,Lincheng Shen,Yanxing Zheng","Multi-UAV cooperative reconnaissance is one of the most challenging research area for UAV operations. The objective is to coordinate different kinds of sensor-bearing UAVs conducting reconnaissance on a set of targets within predefined time windows at minimum cost, while satisfying the reconnaissance demands, and without violating the maximum permitted travel time for each UAV. This paper presents a multi-objective optimization mathematical formulation for the problem. Different from previous formulations, the model takes the reconnaissance resolution demands of the targets and time window constraints into account. Then a multi-objective genetic algorithm CR-MOGA is put forward to solve the problem. In CR-MOGA, Pareto optimality based selection is introduced to generate the parent individuals. Novel evolutionary operators are designed according to the specifics of the problem. Finally the simulation results show the efficiency of our algorithm.",,https://academic.microsoft.com/paper/2527343664
33,Scheduling Algorithms for Message Transmission Over UAV Communication Relay,Yao Ru-gui,"This paper addresses scheduling algorithms in message transmissions using UAV as communication relay to cover the war zone. First,we introduce several general algorithms,which are scheduled based on the characteristic of information,such as priority,length,and time of information in system.Then,we propose dynamic priority scheduling algorithms,which can associate information priority with the system serving time,and dynamically adjust the information priority,so that the system has less system average delay and is fair for various kinds of information.At last,we present the simulation results of these scheduling algorithms.And the simulation results show that the dynamic priority scheduling algorithms is effective and efficient for UAV communication relay.",,https://academic.microsoft.com/paper/2368414117
34,Airfoil Design of High Altitude Long Endurance Unmanned Air Vehicle,Zhan Hao,"For the design of High Altitude Long Endurance(HALE) Unmanned Air Vehicle(UAV),one of the most important problems is the design of airfoil,which is also a key point of design aerodynamics.In this paper,an airfoil which is designed to be used under high Mach number and low Reynolds number,just as the fly condition of HALE,has been optimized using a CFD optimization method,which is based on the genetic algorithm and distributed computing in LAN(Local-Area Network),combined with inverse design method there for enhances the efficiency and the feasibility of the design optimizations.The design results show that the aerodynamic characteristic of the airfoil is suitable for HALE UAV.",,https://academic.microsoft.com/paper/2347343257
35,Design of High Speed Test System for Air Data of UAV,"Qian Mo-shu,Uav Academe","How to advance the test speed of air data(UAV) is an important item in improvement of flight control system performance.It's difficult to increase the data acquisition speed from data acquisition entrance when the sensor module has been chosen.A design method of data test system based on GM8123 is provided,which applies serial port expansion technologies to realize data transfer,acquisition and processing with high speed.This scheme is proved to be valuable in improvement of dynamic performance and testing precision for UAV test system.",,https://academic.microsoft.com/paper/2371622438
36,Altitude Sensor Based on MS5534 in UAV,"YU Ke-zhen,Uav Res","Altitude sensor is one of an important part of UAV.Because of digital output,it (MS5534B) is very fit for using for altitude sensor in UAV.This paper introduces the sensor、its connection circuit with outside and the method of data processing,the functions of altitude sensor is accomplished in UAV by way of searching and transforming in the altitude table.The sampling yawp is effectively reduced by filter algorithm,and a mass of data of pressure-altitude is imitated by Matlab,so the designing request is implemented and it is successfully used for flight experimentation in one small UAV.",,https://academic.microsoft.com/paper/2351525335
37,Characteristics of ultra-low speed wind tunnels for research on Micro-UAV,Zhu Xiao-ye,"Papers about ultra-low speed wind tunnels for aerodynamic characteristics research on Micro-UAV are scarce.Many new problems are appeared in general design,aerodynamic computing and structural design.After comparing a few projects,computing in detail,investigation and measuring for wind tunnel,a ultra-low speed wind tunnel is designed successfully.It is an open free jet wind tunnel for research on Micro-UAV.The diameter of test section is 100mm,and the velocity can be changed continuously from 1m/s to 13m/s.This paper gives the selection of general project,the results of aerodynamic computing for parts,the sketch of wind tunnel as well as the data of flow measured in the wind tunnel.",,https://academic.microsoft.com/paper/2352781647
38,Design & Realization of Monitor and Navigation System for UAV Based on GIS and GPS,YU Ke-zhen,"This article discusses how to design a monitor and navigation system for UAV.The system is composed of GPS, some hardware and software which is designed with C++Builder based on GIS.",,https://academic.microsoft.com/paper/2378933135
39,Development of High Altitude Long Endurance UAV Propulsion Technology,HU Xiao-yu,"High altitude long endurance UAV is an UAV,which can operate at high altitude;its cruise duration is no less than 24 hours.The future application of HALE UAV is optimistic.However the development of HALE UAV powerplant will face many new technology challenges since the flight mission of HALEW UAV is differ from traditional aircraft.",,https://academic.microsoft.com/paper/2385961303
40,A multi-objective evolutionary algorithm for multi-UAV cooperative reconnaissance problem,"Jing Tian,Lincheng Shen","The object of multiple Unmanned Aerial Vehicles(UAVs) cooperative reconnaissance is to employ a limit number of UAVs with different capabilities conducting reconnaissance on a set of targets at minimum cost, without violating real world constraints. This problem is a multiobjective optimization problem. We present a Pareto optimality based multi-objective evolutionary algorithm MUCREA to solve the problem. Integer string chromosome representation is designed which ensures that the solution can satisfy the reconnaissance resolution constraints. A construction algorithm is put forward to generate initial feasible solutions for MUCREA, and Pareto optimality based selection with elitism is introduced to generation parent population. Problem specific evolutionary operators are designed to ensure the feasibilities of the children. Simulation results show the efficiency of MUCREA.",,https://academic.microsoft.com/paper/1514861402
41,Plan Sharing: Showcasing Coordinated UAV Formation Flight,"Henry Hexmoor,Swetha Eluru,Hadi Sabaa","Agent teaming and autonomy are foundational themes in multi-agent systems. Agents may work as singletons or they may work in environments where other agents exist. In multi-agent systems, agents may form teams by sharing common goals with other agents. Cooperation is essential for any collaborative, group activity. Beyond coordination and judicious role assignment, cooperation enables members of a team to be aware and account for collection of their goals as well as the performance of agents on individual goals. This paper presents a general model of cooperation and illustrates how it may enhance group performance. In this paper, we present results of an application of the concept of cooperation in a simulated swarm of reconnaissance urban UAVs that are tracking vehicles in an urban environment. Povzetek: Opisan je splosni model sodelovanja agentov.",,https://academic.microsoft.com/paper/27920830
42,The Computer Vision Aided Auto-landing of UAV,Teng Ke-jia,"This article introduces the method that utilizes the Kalman filter to combine the SINS and image information and generates the deviation equation,then gives the simulation of the process that unmanned plane approaching the field.The result tells that the combination of image and SINS can improve the precision of locating when entering,especially in the precision of height locating.",,https://academic.microsoft.com/paper/2378158975
43,Analysis of Deep Fading Area in Flight of UAV,Gao Hong-tao,"The phenomenon of high BER,even losing lock always appear in certain areas in practical flight of UAV.The characteristics of UAV link are analyzed,and the distribution of signal level fading and the strength of the deep fading are analyzed with the two-path transmission model which is simulated with MATLAB.The simulated result is compared with the empirical data,the result indicates that the model can well explain the phenomena of deep fading in flight.The applicability of the model is further verified.",,https://academic.microsoft.com/paper/2349716925
44,Detection and Diagnosis of Sensor and Actuator Failures for an UAV Control System Using IMM Algorithm,Zhou Zhou,"Interacting multiple model algorithm is one of the most cost-effective estimation techniques for systems involving structure and parametric changes.Based on the sensor and actuator failure models of UAV control system,the paper presents the fault detection and isolation method using IMM algorithm.Compared with multiple model method,it is more accurate and easy to realize.A simulation example of an UAV control system is given for illustration.",,https://academic.microsoft.com/paper/2367652477
45,Research on the Operational Efficiency of UAV Base on ADC Model,Wang Tian-yun,"Operational process of Anti-Radiation UAV is described,with the framework of the method put forward by Weapon System Effectiveness Industry Adviscry Committee and on the basis of analyzing the action performance requirements of Anti-Radiation UAV,the mathematical model for evaluating method of the operational efficiency of Anti-Radiation UAV is established.",,https://academic.microsoft.com/paper/2384023705
46,PERFORMANCE IMPROVEMENT OF AN ADAPTIVE CONTROLLER USING MODEL PREDICTIVE CONTROL : APPLICATION TO AN UAV MODEL,"Sylvain Bertrand,Tarek Hamel,Helene Piet-Lahanier",Abstract   We present a control strategy based on the simultaneous use of model predictive and adaptive control. This approach guarantees stability in presence of perturbations for a certain class of nonlinear systems without adding stability constraints. It also improves the performances of the sole adaptive controller. This approach is used to design guidance and autopilot laws for a six degrees of freedom model of a small rotorcraft-based Unmanned Aerial Vehicle.,,https://academic.microsoft.com/paper/1984351658
47,Survey Study of Self-repairing Flight Control System on UAV,"QI Xiao-hui,Yang Zhi-jun","As the core of UVA systems,the development of modern flight control system has a trend to be self-repairing ones.A survey of the current situation and the technical level of self-repairing control in correlative field,such as fault detection and identification,reconfigurable control,the simulation and testing research are presented.The recent development of self-repairing flight control in this important aspects is analyzed.Then the main problems and potential resolve methods or research direction are pointed out.Along with the development of intelligent control,the self-repairing technology including intelligent fault diagnosis and intelligent reconfigurable control will be a focus in this area.",,https://academic.microsoft.com/paper/2354413259
48,Development of Autonomous Navigation for Flight Control System of an Unmanned Air Vehicle,Liu Jian,"Flight control system is the main part of Unmanned Air Vehicle(UAV). It illustrates the hardware structure and main function of the flight control system, gives the details on the design of this control system. The simulation results show that this system has good performance of autonomous navigation, and can fulfill the requirement well.",,https://academic.microsoft.com/paper/2356517880
49,The UAV and the current and future regulatory construct for integration into the National Airspace System,Mark Edward Peterson,"Abstract : Unmanned Aerial Vehicles (""UAV"") have been a part of aviation from the infancy manned aviation; yet, have not reached their fullest potential as they are not integrated into the national airspace system (""NAS""). However, we are at the edge of regulatory construct necessary to provide safe integration of UAVs is unfinished. This thesis looks at necessary regulatory changes within the United States to allow for integration of the UAV into the NAS. I will first define the UAV and look at its historical roots. Then, I will review existing regulations and directives of manned flight that would apply to UAVs, as well as various rules specifically for UAVs that now exist. Through this examination, I will review the gaps and offer recommendations to fill regulatory holes in hopes to provide a useful contribution to the eventual integrated flight of UAVs.",,https://academic.microsoft.com/paper/1508398129
50,SAFETY CONCERNS ON OPERATING UAV USING COOPERATIVE MULTIAGENT NEGOTIATION,"Mário A. Correa,João B. Camargo,Ricardo A.V. Gimenes,Jorge R. Almeida",Abstract   Developed countries have made significant efforts to integrate UAV operations in controlled aerial space due to a rising interest of using Unmanned Aerial Vehicles (UAV) for civilian purposes. This study focuses the use of multi-agent architecture to distribute the workload of detecting and solving conflicts between the aircraft and the UAV with no intervention from ground-based facilities. Midair collision risk was the main unsafe situation evaluated using an aircraft collision model based on air traffic density data.,,https://academic.microsoft.com/paper/161815943
51,The Loiter Trajectory Optimization and Simulation of the Attack UAV,Wang Xue,"For improving the performance of searching targets in loiter flight of the attack UAV,this paper strives the optimal searching pattern of the attack UAV in the loiter using the theory of optimal search.The three searching patterns optimized,the raster,box-spiral and zamboni,are designed.The results of simulation for the optimal trajectory of the attack UAV shows that the three searching patterns optimized are better than the traditional 8 pattern.All these testify that the three searching patterns optimized are effective and feasible.",,https://academic.microsoft.com/paper/2387078760
52,Analysis of demand and efficiency of antiradar UAV,Fang Chuan-zhong,"It is an important means for antiradar UAV to suppress and destroy enemy antiaircraft system.The importance to develop antiradar UAV is explained,and its outstanding characteristic is analysed;Analysis results of operational effectiveness of antiradar UAV show abstratcly that it is viable to attack early warning radar systems and aerial defence systems.",,https://academic.microsoft.com/paper/2353236742
53,Study on the Space-based TT&C System for Long Voyage Small UAV,Shen Huairong,"It is useful of long voyage small unmanned aerial vehicle(UAV),and the issue of its tracking and control is one of the choke point to its development and application.The space-based TTC system for long voyage small UAV tracking by GPS,data transmission by 'Bei Dou' satellite,it solves the issue of long voyage UAV~′s tracking and control,and can monitor and control mutiple UAV,so it can increase the efficiency of UAV system.",,https://academic.microsoft.com/paper/2351130515
54,Analysis of Decoying Radar Interception System Simulation of UAV,Zhao Jun-cang,"Decoying technology is an effective manner to self-protection in electronic countermeasures.Based on electronic scan constant difference amplitude comparison direction measurement(CDAC) theory,the error formula of constant different amplitude comparison direction measurement in radar interception system of UAV is discussed under the condition of decoy.In radio frequency simulation system,the relative position relations about decoy and radar on the array is discussed,a resolution arithmetic is given and its validation is finished.Finally,the simulation results prove that the method has important reference value for applying the decoying technology in electronic countermeasures,improving radio frequency simulation system and evaluating weapon system battling efficiency.",,https://academic.microsoft.com/paper/2386680259
55,MULTI-UAV PLATFORM FOR INTEGRATION IN MIXED-INITIATIVE COORDINATED MISSIONS,"Pedro Almeida,M. Gil Gonçalves,João Borges Sousa","Abstract   The Apollo system for unmanned air vehicle (UAV) control is described. This is done in the context of the AsasF project from Porto University. Apollo is the UAV controller component of the AsasF control hierarchy. Apollo provides a uniform vehicle interface which is targeted at multi-vehicle operations in a mixed initiative environment allowing the intervention of experienced human operators. Apollo decouples the details of UAV control from the organization of external controllers in the AsasF control hierarchy. Apollo has a layered structure modelled in the framework of dynamic networks of hybrid automata. There is a mission supervisor, a vehicle supervisor and manoeuvre controllers, one per type of manoeuvre.",,https://academic.microsoft.com/paper/2022712283
56,Estimate Criterion of Overall Configuration Program of High-Altitude Long-Endurance(HALE) Unmanned Aerial Vehicle(UAV) System,Dang Rong-jun,"To establish a general estimate criterion and specific mathematical estimate formulas for an overall structural concept of High-Altitude Long-Endurance(HALE) Unmanned Aerial Vehicle(UAV) System;To analyze the overall characteristic parameters which have influence on the reconnaissance effectiveness of High-Altitude Long-Endurance(HALE) Unmanned Aerial Vehicle(UAV),and establish the evaluation criterion formulas for reconnaissance effectiveness on the basis of above mentioned analysis;To establish the evaluation criterion formulas for attack effectiveness on the analysis of the parameters which have influence on the attack effectiveness of High-Altitude Long-Endurance(HALE) Unmanned Aerial Vehicles(UAV) with attack ability;To evaluate the effectiveness exponents of two kinds of Long-Endurance(HALE) Unmanned Aerial Vehicle(UAV),the ""global hawk"" and the ""predator"",by means of this method.The result can prove the availability of this estimate criterion.",,https://academic.microsoft.com/paper/2352503170
57,The Design and Realization of UAV Track System Based on GIS,Duan Zhen,"The paper has designed and realized a well functional UAV track system.It consists of track display,track layout,track recurrence and data processing.In virtue of the technology of Geographic Information System.importing the vector formal digital map.and then using abundant geography information to assist the realization of UAV track system.In order to communicate with perfect real time.through the Ethernet.UAV track system acquires real-time flight position data from ground control station,then sends the information of track layout to ground control station. Experiments show that the system works well and the communication is of perfect real-time property.The task of the UAV track system is fulfilled with satisfaction.",,https://academic.microsoft.com/paper/2355889299
58,An Improved Ant Colony Algorithm for Path Planning of UAVs,Wang Zheng-ping,"In order to improve operational efficiency and survival probability,the optimal route of an unmanned air vehicle(UAV) should be designed before the UAV performs a mission.For this question,an ant colony algorithm is used and is improved for route optimizing of UAV.Measures of keeping optimization,adaptively selecting and adaptively adjusting are applied,which is a better path at higher convergence speed.Finally the algorithm is implemented,and the results show that it's a better path-planning algorithm.",,https://academic.microsoft.com/paper/2390533569
59,Multi-objective Optimization Method for UAV Configuration Parameter Design,"Liu Lei,Wang He-ping","This paper has discussed the method for multi-objective optimization of UAV configuration parameter at first.As for the multi-objective optimization problem,it is turned to single-objective optimization by using weighting objectives method.Then the relevant computer programs for multi-objective optimization of UAV configuration parameter have be written.The method has been successfully used in the configuration design of our UAV and validated its rationality and validity.",,https://academic.microsoft.com/paper/2382735270
60,Analysis of Anti-radiation UAV Homing Under Comprehensive Radar Attack,XU Cheng-ye,"Aimedatanti-radar UAV homingunintentionally interruptedby noisyjammingundercomprehensiveradar attack,the jamming principle was analyzed and the corresponding models were established.And then theinfluence of unintentional noisy jamming on the tracking area was discussed by means of theoretical analysis and itssimulation,based on which the concept of attack angles suited for spatial EMC in battlefields was proposed.",,https://academic.microsoft.com/paper/2385111854
61,Comprehensive Test System Based on Virtual Instrument for UAV,Li Zhi,"According to the demand of the comprehensive test for UAV, this paper designs an electric integrated test system with VI techniques. The system realizes automatic test from the components to the UAV system, and improves the design, experiment and maintain ability of UAV. The application of this system shows its adaptability and stability.",,https://academic.microsoft.com/paper/2383262945
62,Analysis of the Effect of Geomagnetic Declination on Wind Measurement by UAV with Pitot-static Tube,Zhou Weijing,"Based on the research on sensitivity of geomagnetic declination on wind measurement by UAV(unmanned aerial vehicle) with Pitot-static tube,mathematical model of wind speed error to effect of geomagnetic declination is set up in virtue of wind measurement theory and error theory.The effect of geomagnetic declination on wind measurement and the alterable law of error are analyzed through simulation.And the conclusions are validated through experimental data.The conclusions also offer reference to the calibration of geomagnetic declination and the improvement of wind measurement precision.",,https://academic.microsoft.com/paper/2390129096
63,The Development of a UAV Recovery System in a Complicated Circumstance,Zhang Zhong-wei,"The project involved is a recovery system which has ro be developed to get the aircraft recovered in a compli- cated circumstance.Considering the new problem we met.we give the solution which focus on solving problems by a brand new sequence for parachute to bc deployed.As a result of the solution,after wind tunnel test and flight test,the newly developed UAV recovery system proved to be a successful one.",,https://academic.microsoft.com/paper/2392388610
64,Research on the Altitude Control Device of a Mini-UAV Engine's Diaphragm Carburetor,Gao Pi-zhou,"Based on the analysis of meeting a demand of the UAV engine and the characteristic of the diaphragm carburettor of altitude supply fuel,we design a altitude control device to regulate the displacement of the needle valve by pressure difference.It effectually improves influence of the air fuel ratio along with the variety of altitude and enhances the altitude performance of the UAV-engine.The experiment results showed that the altitude control device could auto-regulate the variable of air fuel ratio along with variety in altitude,and it could improve the performance of the power and the fuel economy of the mini-UAV engine.At the same time it can increase the endurance time and the flying reliability of the UAV.",,https://academic.microsoft.com/paper/2350789161
65,The Design of UAV Ground Half Entity Simulation Trial Console System,WU Cheng-fu,"A method was brought forward to design an UAV ground half entity simulation trial console system using Labwindows/CVI multithreading,ActiveX and SBS real-time optical network technics.The method is proved useful in practice and is provided to build a half entity simulation trial for future.",,https://academic.microsoft.com/paper/2353331328
66,UK-CAA policy for light UAV systems,"D. R. Haddon,C. J. Whittaker","La politique britannique pour la certification et le fonctionnement des UAV (drones) legers, qu'ils soient civils ou militaires, a ete publiee en mai 2002 (dans le document CAP 722). Dans ce texte les principes applicables aux aeronefs civils pilotes sont etendus aux UAV civils, en particulier ceux qui concernent la certification des systemes, et les organismes impliques dans leur conception, fabrication, entretien ou fonctionnement doivent etre approuves pour cette tâche. Depuis, la CAA a revise sa politique en tenant compte de l'experience qu'elle a acquise et des transferts de responsabilites apres la creation de l'EASA (European Aviation Safety Agency). Cette revision concerne en particulier les reglements applicables aux UAV de moins de 150 kg car la responsabilite de navigabilite et de fonctionnement reste aux autorites competentes nationales. La CAA reconnait aussi que ce type d'UAV peut trouver des applications immediates et pourrait avoir des difficultes a se conformer a la politique definie en 2002. La CAA a donc produit un nouveau texte pour les UAV civils, c'est le sujet de cet article. Ce texte doit assurer que des normes de securite acceptables sont maintenues tout en proposant une marche a suivre pour l'UAV civil leger en fonctionnement normal. Les UAV civils legers peuvent etre exemptes des reglements nationaux britanniques s'il peut etre prouve qu'ils sont conformes a la politique et aussi performants que les modeles reduits existants en terme de securite. Tous les UAV civils de moins de 150 kg ne pourront pas remplir ces conditions et beneficier d'exemptions de cette nouvelle politique. Ils devront alors satisfaire a la politique generale de 2002.",,https://academic.microsoft.com/paper/2471898734
67,Design of test system for air data of UAV,Xiong Ke,"A design of data test system based on GM8123 is presented in this paper.It can improve the test speed of air data(UAV) and optimize the flight control performance.To achieve data acquisition of static/dynamic pressure and response to commands of flight control computer synchronously,serial port expansion to accomplish parallel communication of three asynchronous serial ports is applied in the design.The results of the test showed that this system was valuable in improving dynamic performance and thus make it superior to the previous test system without the use of serial ports' technique.",,https://academic.microsoft.com/paper/2364041945
68,Navigation/Flight control system design of a UAV based on DSP and CPLD,QU Yao-hong,"The present Navigation/Flight control system design method of UAV can't be used in small or micro UAV. In this paper, a new navigation/flight control system design of a UAV based on DSP and CPLD is presented. The structure is compact, multi serial communication is credible, and the interface is flexible. A new circuit design which makes change between telecontrol and flight control is offered. The application of Dual-Port Static RAM is especially illuminated. The result of looped-simulation experimentation is given which shows the Navigation/Flight control system is multifunctional and reliable.",,https://academic.microsoft.com/paper/2394300818
69,Design and Realization of Image Simulation Platform for UAV Payloads,Ye Zhen,"The image simulation platform for UAV payloads is important to research UAV systems,because it provides simulating data and virtual environment.It creates the platform based on low-cost PC,image process and transmission.Based on parameters of UAV system and real time image process,the platform simulates image data of payload and transmits them to UAV system.The result proves that the platform is important to validate the conception frameworks and working processes of UAV system.",,https://academic.microsoft.com/paper/2381977711
70,Simulation of Global Optimal Flight Path Planning for UAV,Zhang Hong-cai,"Based on the artificial potential field and genetic algorithms,a method of flight path planning for UAV in the threat network was proposed.The threats were divided by Delaunay triangulation.According to the passing directions and sequence of the triangles’ lines,a binary coding method was designed.Then the threats were taken as repulsion sources and the steady-state result of the differential equations is the optimal flight path of the code array.The global optimal flight path could be obtained by using genetic algorithms.Simulation results show that the method is effective.",,https://academic.microsoft.com/paper/2378706461
71,Airport Runway Marking Detection and Identification of Unmanned Landing Vehicle Based on Vision,Wang Hong,"In this paper, the proplem how to detect and recognize the airport runway marking in images is discussed. These images are obtained by a landing unmanned air vehicle (UAV) based on vision. Some spots of high light are extracted and grouped into several small clusters using a special clustering algorithm. An identification model is constructed using the perspective model, the rectangular flat-plate constraint and the prior views of the scene constraint conditions. Then the runway spots in these clusters using this identification model can be datected. The computational time is greatly cut down by this classification process. The experimental results show that the proposed algorithm is very suited to the landing of UAV.",,https://academic.microsoft.com/paper/2351011402
72,UAV's 3D Simulation Training System Based on OpenGL,WU Chun-ying,"Aimed at UAV's(Unmanned Aero Vehicle) simulation training field,a scheme of 3D simulation system based on OpenGL(Open Graphic Library) is designed in this paper.The UAV's 3D model made by the 3D development software,such as 3DMAX is read into OpneGL scene and the control input of radio transmitter too.The UAV's flying states are got by solving the state equation and are simulated in the OpenGL scene very vividly.The ways and means are presented and the simulation interface is designed.",,https://academic.microsoft.com/paper/2378035943
73,Genetic algorithm based approach for Multi-UAV cooperative reconnaissance mission planning problem,"Jing Tian,Lincheng Shen,Yanxing Zheng","Multiple UAV cooperative reconnaissance is one of the most important aspects of UAV operations. This paper presents a genetic algorithm(GA) based approach for multiple UAVs cooperative reconnaissance mission planning problem. The objective is to conduct reconnaissance on a set of targets within predefined time windows at minimum cost, while satisfying the reconnaissance resolution demands of the targets, and without violating the maximum travel time for each UAV. A mathematical formulation is presented for the problem, taking the targets reconnaissance resolution demands and time windows constraints into account, which are always ignored in previous approaches. Then a GA based approach is put forward to resolve the problem. Our GA implementation uses integer string as the chromosome representation, and incorporates novel evolutionary operators, including a subsequence crossover operator and a forward insertion mutation operator. Finally the simulation results show the efficiency of our algorithm.",,https://academic.microsoft.com/paper/2129898613
74,Research on Optimal Trajectories of the HALE UAV,Shen Yan-hang,"The main point of this thesis is to obtain the optimal climb-cruise trajectory of a high altitude long endurance UAV.Genetic algorithm is applied to determine the optimal trajectories from take-off to war zone,then contrast it with the classical trajectory.The results show that the optimal trajectory derived from GA can reduce the fuel consumption efficiently,and have distinct economic and military values.",,https://academic.microsoft.com/paper/2366021634
75,Design of the UAV's Information Processing Systems Based on ARM,MA Hongxu,"This paper brings forward a UAV's system structure according to its application background and function demanding.It designs the control subsystem based on AT91RM9200 microprocessor and the communication subsystem organized by wireless communication module and Ethernet communication module.Through analyzing the operating system's configuration and working principle,the paper puts the design of the embedded Linux OS based on ARM and MPEG-4 arithmetic for video.It achieves transmitting and processing of the system's information.",,https://academic.microsoft.com/paper/2364779803
76,Middleware Technology Application in Data Link Gateway System of UAV,Zhu Hua-yong,"Data link gateway is the important composition of UAV system,traditional data link gateway have not satisfied the development of UAV system because of not have openness.In the article the insufficient of current data link gateway is analysed firstly,then characteristic of RTCORBA middleware are introduced, and finally a kind of based on RTCORBA middleware data link gateway design scheme are put forwarded,compared with traditional data link gateway,this gateway has openness more.",,https://academic.microsoft.com/paper/2379460420
77,A Study of the Protocol for UAV Communication Network,Yao Ru-gui,"Based on the concept of layered structure management, the analysis scheme for data link capability of the communication network of unmanned aerial vehicles (UAVS) is studied. A layered call protocol is designed and implemented specially for the network, and then a new Best Whole Channel Performance First (BWCPF) route protocol, as well as the management scheme of switch and location is brought forward. Using the protocol proposed in this paper, data can be exchanged effectively and reliably between nodes, and the management of location and switch and routing for each UAV is provided.",,https://academic.microsoft.com/paper/2360548062
78,Antiradiation UAV in EW and analysis of its system capacity,WU Shi-long,"The constitution of anti-radiation UAV system,two kinds of UAVs and the applications in EW are briefly introduced.System capacity(hitting probability and destructive probability) is analyzed and calculated theoretically.",,https://academic.microsoft.com/paper/2365579469
79,Design and Realization of UAV Ground Navigation Station System Application Research of UAV Ground Control System,Wei Li-li,"Aiming at the problems of image file transmission, database I/O and second development of digital map in software development, anti time-query different meanings algorithm was presented. Experiments show that the system realized expected functions with high reliability and good quality during real time communication.",,https://academic.microsoft.com/paper/2377201278
80,Research on Hardware in-the-Loop Simulation of UAV Flight Control System Based on Virtual Reality,Shen Chun-lin,"Based on virtual reality, it studies a hardware in-the-loop platform of UAV (Unmanned air vehicle), which is put with flight control computer and other implements. It establishes the model of UAV and the flight scene by OpenGL, displayes the flight status of UAV in virtual environment in real time with distributed ground web. The visible hardware in-the-loop simulation verification is realized and the result is feasible.",,https://academic.microsoft.com/paper/2373664716
81,Design of Longitudinal Control Law for an UAV Based on LQR,Tian Qi,"In the course of longitudinal control law design,with an unmanned air vehicle(UAV) took as a control object,the design obtained simplification to a great extent by means of the linear quadratic regulator(LQR) of output feedback,which improves capability index.The digital simulation is accomplished with the obtained control law,and simulation results show that the system possesses good transient response,and meets requirements,and proves that the design is simple and feasible.",,https://academic.microsoft.com/paper/2379300231
82,Research on the Meteorological-exploring Payload Based on a Min-UAV,Wang Shengjun,"The meteorological exploration based on a min-aircraft is a new type of technology of atmospheric measurement.It is available to observe the atmospheric parameters without wastage(relative to the one-off radiosonde unit).And it can navigate continuously in a broad area for a long flight time.The configuration,function,principle and primary technology of the miniUAV payload are discussed.Adopting the PTU group transducer,Pitot-tube and EKF method,the high-accuracy testing results are obtained.Adopting the satellite navigation system,the long distance transmission,measurement and control are realized.The application has proved the system can be used for meteorological support in weapon range test,and also it is very valuable to popularize application for civil use.",,https://academic.microsoft.com/paper/2372548531
83,Quick Acquiring of Three-Dimensional Building Texture Based on Unmanned Air Remote Sensing Vehicle,Liu Zhao-qin,"Development and applications of the unmanned air remote sensing vehicle exploit new technological measure of three-dimensional urban construction.The paper introduces the components and the technological characteristics of the unmanned air remote sensing vehicle, and expatiates the quick aquriring methods of three-dimensional building texture based on this system.",,https://academic.microsoft.com/paper/2382084755
84,Analysis and Simulation on the Damage of Radiation Source by Anti-Radiation UAV,Dai Huan-yao,"The models of attack and locomotion of anti radiation UAV are established.Making use of discrete and independency property of this mathematical model, the statistical sample is attained,which can be used to making efficency evaluation about the genuine emittions injured by UAV in the condition of energy unchanged.The model of the most typically coherent dual and triplicate point source decoy anti radiation UAV is given.Besides that,carring through simulation and experimentation of distributed spot,the main factors that influence operation effectiveness is obtained.",,https://academic.microsoft.com/paper/2387150842
85,Atmospheric turbulence effects on a wavelength diversified ground-to-UAV FSO link,"Alan Harris,James J. Sluss,Hazem H. Refai,Peter G. Lopresti","The use of free-space optical (FSO) communications links are envisioned as a viable option for providing a temporary high-bandwidth communications link between a ground station and an unmanned aerial vehicle (UAV).  The presence of atmospheric turbulence causes three different phenomena to occur, namely beam wander, scintillation and beam spread, each of which is a wavelength dependent phenomenon.  In this paper, simulation tools are used to investigate the effects of atmospheric turbulence on a wavelength diversified ground-to-UAV FSO communications link.  This paper compares the effects of atmospheric turbulence on three different wavelengths, 1.55 μm, 0.85 μm and 10 μm.  Each of these wavelengths has different advantages depending on prevalent weather conditions and atmospheric turbulence conditions.  Based on the effects of atmospheric turbulence on each wavelength, a wavelength diversity scheme is proposed in order to optimize the performance of the FSO link.  The largest problem associated with establishing a ground-to-UAV FSO link is alignment and tracking of the FSO link.  For this reason, the wavelength diversity scheme is further analyzed as a method to optimize link acquisition and tracking of the ground-to-UAV link by exploiting various characteristics of each wavelength.",,https://academic.microsoft.com/paper/2046427377
86,Flight path control of small unmanned air vehicle,"Makoto Kumon,Masanobu Nagata,Ryuichi Kohzawa,Ikuro Mizumoto,Zenta Iwai","In this paper, a path following control system for a small and light unmanned air vehicle (UAV), called Kiteplane, was proposed. The aircraft contains a large delta-shaped main wing and exhibits stable flying dynamics. Because of this feature, a simple proportional integral differential control method could be implemented since attitude control to stabilize the motion was not needed. Devices installed on board the aircraft were developed for the autopilot system and the proposed control method was implemented. Results of numerical simulations and experiments showed the effectiveness of the approach. This paper also provides an algorithm for using the aircraft to estimate wind direction based on Kiteplane dynamics under the wind effect. A numerical estimation method was proposed and it was implemented on the autopilot system. The experimental results also supported the proposed wind estimating method. © 2006 Wiley Periodicals, Inc.",,https://academic.microsoft.com/paper/2024738063
87,A study on Synchronization method for Mutual Cooperative Control in the Chaotic UAV,"Youngchul Bae,Chunsuk Kim,Youngduk Koo","In this paper, we propose to synchronization method for mutual cooperative control method that have unstable limit cycles in a chaos trajectory surface in the chaotic UAVs. We assume all obstacles in the chaos trajectory surface have a Van der Pol equation with an unstable limit cycle. We also show computer simulation results of Arnold equation, Chua's equation trajectories with one or more Van der Pol as a obstacles. We proposed and verified the results of the method to make the embedding chaotic UAV to synchronization with the chaotic trajectory in any plane.",,https://academic.microsoft.com/paper/2255917421
88,Analysis and optimisation of a MALE UAV loaded structure,"Jacek Gadomski,Bogdan Hernik,Zdobyslaw Goraj","Purpose – To provide an effective design methodology focused on loading structure of unmanned aerial vehicles with a special emphasis on MALE class platform.Design/methodology/approach – Selected design methods and numerical calculations used during the development of two different class (MALE PW‐103 and HALE PW‐114) unmanned aerial vehicles have been described and discussed. The initial loading structure was set‐up coming from a steady state level flight condition.Findings – Aeroelastic analysis showed that the wing torsional rigidity is not sufficient. To increase the critical flutter speed the wing sandwich skin has been reinforced adding extra layers of carbon fibres. This procedure is iterative by nature, because adding the new layers changes the weight and stiffness of aircraft and the critical flutter speed has to be computed again.Research limitations/implications – Analysis and design methodology is limited to surveillance and monitoring platforms, where the design objectives are long endurance, ...",,https://academic.microsoft.com/paper/2043729641
89,Deconvolution of Plant Type(s) for Homeland Security Enforcement Using Remote Sensing on a UAV Collection Platform,James A. Tindall,"IntroductionThe primary reason terrorists have become involved in smuggling drugs is to finance their operations. 1 During the past few years an estimated 500 metric tons of cocaine entered the U.S. each year from countries in Latin America, specifically Bolivia, Columbia, Guyana, and Peru. 2 Marijuana also enters in large quantities and is also grown across the U.S. in hidden fields, mixed with other plants, which makes it difficult to detect. Drug enforcement costs have become overwhelming. To make matters more complex, a new combination of drug and weapons smuggling and links to terrorist groups on both the southern border with Mexico and the northern border with Canada have become serious issues. Towns such as Nuevo Laredo, Mexico, along the Texas border, have erupted in violence, spilling that violence into the U.S. and creating a homeland and national security issue.News reports are beginning to highlight incidents of terrorists who are reportedly being smuggled into the U.S. accompanied by drugs and explosives. Recently, Mokhtar Haouari, a 31-year-old Algerian, was arrested in Canada and indicted in the U.S. as the central figure in a group of Algerians suspected of planning terrorist attacks in the U.S. He was linked to Ahmed Ressam, who was arrested in Port Angeles, Washington, in December 2005 while trying to smuggle explosives and bomb components from Canada, and to Abdel Ghani Meskini of Brooklyn, who was identified as Ressam's accomplice. 3 Officials are pointing to records in a South Texas drug case with alleged terrorist ties they say underscores the lack of preparedness here. The attorney for a jailed Gulf Cartel member cited in the incident says his client was falsely accused of trying to smuggle Iraqi terrorists into this country and maintains charges were brought to increase the punishment for a drug offense against the accused. 4 More recently, an enormous cache of weapons was seized in Laredo, Texas. U.S. authorities grabbed two completed Improvised Explosive Devices (IEDs), materials for making thirty-three more, military-style grenades, twenty-six grenade triggers, large quantities of AK-47 and AR-15 assault rifles, as well as other weapons and components. The Val Verde County chief deputy warned that drug traffickers are aiding terrorists with possible al Qaeda ties to cross the Texas-Mexico border into the United States. A government spokesman in Houston said ""at this point there is no connection with anything in Iraq."" 5The link between drug smuggling, the financing of terrorist groups from those smuggled drugs, as well as increasing reports of weapons and terrorists being smuggled across U.S. borders, has become obvious. This situation illustrates the need to develop new technologies capable of detecting drugs being grown in the countries of our southern neighbors. Coupled with cooperative agreements between the DEA and other U.S. law enforcement groups and our southern neighbors, this ability would greatly decrease the financing capabilities of the terrorists and cartels (since the plants, even before processing, are the foundation of their capital enterprise) by preventing the processing of those drugs by detecting and destroying them.The combination of drug trafficking and weapons smuggling by illegal immigrants and potential terrorists causes both a law enforcement (LE) and a national security issue, placing an increased financial burden on the U.S. Department of Homeland Security (DHS), LE agencies along the southern border, and other groups comprised of local and federal agencies. The technological ability to distinguish drug plants, especially before processing, from other plant types has important implications, not only for LE, but also wildfire recovery, reservoir protection, environmental aspects, agricultural issues, and military concerns. Thus, plant identification via un-mixing, termed ""deconvolution,"" can be a valuable technological tool in the war on terror. …",,https://academic.microsoft.com/paper/1581984447
90,Fuel system design of the smart UAV considering operational reliability,"Changduk Kong,Myoung‐cheol Kang,Chang‐ho Lee,Dong‐ju Han","Purpose – To set‐up a specific design procedure for the smart unmanned aerial vehicle (UAV) fuel supply system which has been developed by Korean Aerospace Research Institute, and to design it preliminarily with the fuel system requirement and target reliabilities.Design/methodology/approach – The fuel system layout and fuel tank were determined through consideration of total fuel volume, fuel flow rate, reliability, weight, centre of gravity, etc. In sizing of components such as booster pumps, jet pumps, piping system, vent subsystem, refuelling and defuelling subsystem, engine fuel flow requirement, pressure loss, component failure rate, weight and centre of gravity were considered. Finally, the reliability analysis of the preliminary designed fuel system was carried out.Findings – According to the reliability analysis and weight estimation results, it was confirmed that the proposed fuel system agreed well with the design specifications and target reliabilities required by the vehicle system.Research l...",,https://academic.microsoft.com/paper/2007068198
91,Auto-Landing Guidance System Design for Smart UAV,"Byoung-Mun Min,Hyo-Sang Shin,Min-Jea Tahk,Boo Min Kim,Byoung Soo Kim","This paper deals with auto-landing guidance system design applicable to Smart UAV(Unmanned Aerial Vehicle). The proposed guidance law generates horizontal position, velocity and altitude commands in the longitudinal channel and heading angle command in the lateral channel to track a predetermined trajectory for automatic landing. The longitudinal guidance commands are derived from an approximated dynamic equations in vertical plane. These longitudinal guidance commands are appropriately distributed to each control input as the flight mode of Smart UAV is changed. The concept of VOR(VHF Omni-directional Range) guidance system is applied to generate the required heading angle commands to eliminate the lateral deviation from the desired trajectory. The performance of the proposed guidance system for Smart UAV is evaluated using the nonlinear simulation. Simulation results show that the proposed guidance system for auto- landing provides good tracking performance along the predetermined landing trajectory.",,https://academic.microsoft.com/paper/1908944260
92,MALE UAV design of an increased reliability level,"Tomasz Goetzendorf‐Grabowski,Andrzej Frydrychewicz,Zdobysław Goraj,Stanisław Suchodolski","Purpose – This study seeks to present the initial requirements for medium altitude long endurance (MALE) UAV design of an increased reliability.Design/methodology/approach – Shows and describes the successive design phases of PW‐103 MALE UAV.Findings – The analysis of the performances of the PW‐103 UAV, powered by either a main or an auxiliary engine, demonstrated that auxiliary power unit improved flight safety significantly.Originality/value – Successive MALE UAV configurations developed in the design process were aerodynamically more efficient than their predecessors.",,https://academic.microsoft.com/paper/2030721948
93,Optimal UAV formation guidance laws with timing constraint,"Chang-Kyung Ryoo,Yoon-Hwan Kim,Min-Jea Tahk","In this paper, optimal guidance laws for multiple vehicles formation flight are addressed. The proposed laws are obtained as state-feedback solutions of linear quadratic optimal control problems to minimize the time varying energy cost with terminal constraints on position and velocity. Since the proposed laws are able to control the flight time, they are possible to make all vehicles join the formation concurrently at a specified time. A method to compensate the acceleration or maneuver of the formation leader is included in the guidance laws. And an inter-vehicle collision avoidance scheme is also considered. The performance of the guidance laws is tested via various numerical simulations.",,https://academic.microsoft.com/paper/2080545280
94,A method for fault detection and isolation in the integrated navigation system for UAV,"Yang Bo,Qin Yongyuan,Chai Yan","In this paper, a method for real-time fault detection and isolation is presented, which has been tested successfully for unmanned aerial vehicles. In this method, two parity vectors are constructed to achieve the fault detection and isolation. In addition, the maximum likelihood estimate is used to estimate and correct the fault vector. Simulation results show that not only can the faulty system be detected accurately in time by this method, but also the fault can be repaired efficiently. Thus, the fault tolerance of the integrated system is improved remarkably by this method.",,https://academic.microsoft.com/paper/2089286963
95,Optimal Design and Analysis of UAV Swan Fuselage,"Priit Leomar,Mart Tamre,Tõnis Riibe,Tõnu Vaher,Toomas Haggi","Eli Ltd. and Tallinn University of Technology (TUT) Department of Mechatronics are currently performing studies in order to develop a mini-class universal purpose unmanned aircraft [1,2]. The paper focuses on strength calculations and weight vs. strength optimization of the fuselage of this developed UAV system. To develop a strong but lightweight UAV fuselage, advanced computer modeling and finite element structure analysis are used as virtual prototyping tools for the optimization of the fuselage at early design stage and through the production period to improve the design [3]. Design optimization is applied to minimize the maximum stresses within the fuselage, subject to strain constraint in conjunction with both geometry and choice of appropriate fibre orientations and stacking sequence as design variables and also material parameters. The fuselage for the UAV plane was designed and manufactured using E-Glass/Epoxy and High modulus (HM) carbon/Epoxy composites. In this paper ANSYS software has been successfully applied to minimize the weight of the fuselage and increase the UAV fuselage strength. The results show how the fuselage design could be improved with the help of finite element method analysis and provide guidelines for the structure and material design for the composite based UAV SWAN fuselage.",,https://academic.microsoft.com/paper/1974605114
96,System development and demonstration of a UAV control architecture for information gathering missions,"David T. Cole,Salah Sukkarieh,Ali Haydar Göktoğan","This paper presents a system architecture for unmanned aerial vehicles (UAVs) performing information gathering missions. Particular focus in this paper is on the development of the architecture from algorithms to simulation, hardware-in-the-loop testing and flight demonstrations. The architecture has been developed for a team of Brumby Mk 3 fixed wing UAVs. Results from recent flight demonstrations are presented in which a single UAV validated a path-following guidance algorithm for feature orbiting, and a utility-based dynamic path planning algorithm applied to a feature tracking problem. The architecture has also been designed to accommodate the use of multiple UAVs, and future work on a team approach to the problem is presented. © 2006 Wiley Periodicals, Inc.",,https://academic.microsoft.com/paper/2037082722
97,UAV Swarm Control: Calculating Digital Pheromone Fields with the GPU,"Bryan Walter,Adrian Sannier,Dirk Reiners,James H. Oliver","Our future military force will be complex: a highly in tegrated mix of manned and unmanned units. These unmanned units could function individually or within a swarm. The readiness of future warfighters to work alongside and utilize these new forces depends on the creation of usable interfaces and training simulators. The difficulty is that current UAV control interfaces require too much operator attention and common swarm control methods require expensive computational power. This paper begins with a discussion on how to improve upon current user interfaces and then reviews a swarm control method, the digital pheromone field. This method uses digital pheromones to bias the movements of individual units within a swarm toward areas that are attractive and away from areas that are dangerous or unattractive. Next, a more efficient method for performing pheromone field calculations is introduced, one that harnesses the power of the GPU (graphics processing unit) in today's graphics cards by reshaping the ADAPTIV swarm control algorithm into a form acceptable to the GPU's pipeline (Parunak et al, 2002). The GPU ADAPTIV implementation is tested in scenarios that involve up to 50,000 virtual UAVs. When compared to its counterpart CPU implementation, the GPU version performed over 30 times faster than the CPU version. This gain translates directly into lower costs for training the future warfighter today and fielding the swarms of tomorrow. Finally, this paper presents a vision of how to combine these new interface ideas and performance enhancements into an effective swarm control interface and training simulator.",,https://academic.microsoft.com/paper/2147669530
98,Vision-based multi-UAV position estimation,"L. Merino,J. Wiklund,F. Caballero,A. Moe,J.R.M. De Dios",This paper describes a method for vision-based unmanned aerial vehicle (UAV) motion estimation from multiple planar homographies. The paper also describes the determination of the relative displacement between different UAVs employing techniques for blob feature extraction and matching. It then presents and shows experimental results of the application of the proposed technique to multi-UAV detection of forest fires,,https://academic.microsoft.com/paper/2095679183
99,Augmenting UAV autonomy,"B. Ludington,E. Johnson,G. Vachtsevanos",The addition of a camera to an unmanned aerial vehicle (UAV) allows the vehicle to perform a variety of tasks autonomously. This paper presents UAV vision systems that were developed and tested at the Georgia Institute of Technology to perform three of these tasks on the GTMax unmanned research helicopter. The first system demonstrates a vision-based navigation system. The second system demonstrates an automated search routine for stationary ground targets. The third system demonstrates a ground target tracking architecture for mobile targets,,https://academic.microsoft.com/paper/2026487592
100,Single and Multi-objective UAV Aerofoil Optimisation via Hierarchical Asynchronous Parallel Evolutionary Algorithm,"Luis F. Gonzalez,Dong-Seop Lee,K. Srinivas,K. C. Wong","Unmanned Aerial Vehicle (UAV) design tends to focus on sensors, payload and navigation systems, as these are the most expensive components. One area that is often overlooked in UAV design is airframe and aerodynamic shape optimisation. As for manned aircraft, optimisation is important in order to extend the operational envelope and efficiency of these vehicles. A traditional approach to optimisation is to use gradient-based techniques.  These techniques are effective when applied to specific problems and within a specified range. These methods are efficient for finding optimal global solutions if the objective functions and constraints are differentiable. If a broader application of the optimiser is desired, or when the complexity of the problem arises because it is multi-modal, involves approximation, is non-differentiable, or involves multiple objectives and physics, as it is often the case in aerodynamic optimisation, more robust and alternative numerical tools are required. Emerging techniques such as Evolutionary Algorithms (EAs) have been shown to be robust as they require no derivatives or gradients of the objective function, have the capability of finding globally optimum solutions amongst many local optima, are easily executed in parallel, and can be adapted to arbitrary solver codes without major modifications. In this paper, the formulation and application of a evolutionary technique for aerofoil shape optimisation is described.  
Initially, the paper presents an introduction to the features of the method and a short discussion on multi-objective optimisation. The method is first illustrated on its application to mathematical test cases. Then it is applied to representative test cases related to aerofoil design. Results indicate the ability of the method for finding optimal solutions and capturing Pareto optimal fronts",,https://academic.microsoft.com/paper/2507510584
101,Considerations for UAV design and operation in South African airspace,"L. A. Ingham,T. Jones,A. Maneschijn","At present, the lack of UAV regulations and standards precludes UAVs from being certified to operate commercially in un-segregated civilian airspace. Because of strategic, economical and security requirements, it is necessary to devise a method to operate UAVs in South African airspace within existing regulatory arrangements. This paper suggests specific UAV missions, viz; maritime patrol/boarder control, search and rescue, and cargo transport, together with design considerations and possible concepts of UAV; operations, maintenance and training, that will enable UAVs to satisfy the immediate South African strategic requirements whilst further UAV standards and regulations are being developed.",,https://academic.microsoft.com/paper/2470855584
102,Pitch Angle Control of Unmanned Air Vehicle with Uncertain System Parameters,Igor Škrjanc,In this paper a new algorithm of trajectory tracking based on closest radius solution of the interval equations system is proposed. The design procedure is given and applied to the pitch angle control of unmanned testing rocket with uncertain parameters. The proposed algorithm gives a framework to design a control for a wide range of different linear time-invariant processes with uncertain parameters and can be implemented also in the case of non-convex problems. The algorithm gives the analytical way of finding the nearly optimal solution of model reference trajectory tracking in the case of general time-invariant systems with uncertain parameters and can be used when optimization method fails due to the complexity of the problem.,,https://academic.microsoft.com/paper/2120266145
103,Trajectory Guidance and Control for a Small UAV,"Yoichi Sato,Takeshi Yamasaki,Hiroyuki Takano,Yoriaki Baba","The objective of this paper is to present trajectory guidance and control system with a dynamic inversion for a small unmanned aerial vehicle (UAV). The UAV model is expressed by fixed-mass rigid-body six-degree-of-freedom equations of motion, which include the detailed aerodynamic coefficients, the engine model and the actuator models that have lags and limits. A trajectory is generated from the given waypoints using cubic spline functions of a flight distance. The commanded values of an angle of attack, a sideslip angle, a bank angle and a thrust, are calculated from guidance forces to trace the flight trajectory. To adapt various waypoint locations, a proportional navigation is combined with the guidance system. By the decision logic, appropriate guidance law is selected. The flight control system to achieve the commands is designed using a dynamic inversion approach. For a dynamic inversion controller we use the two-timescale assumption that separates the fast dynamics, involving the angular rates of the aircraft, from the slow dynamics, which include angle of attack, sideslip angle, and bank angle. Some numerical simulations are conducted to see the performance of the proposed guidance and control system.",,https://academic.microsoft.com/paper/1498459728
104,Attitude and gyro bias estimation for a VTOL UAV,"Najib Metni,Jean-Michel Pflimlin,Tarek Hamel,Philippe Souères","Abstract   In this paper, a nonlinear complementary filter (x-estimator) is presented to estimate the attitude of a vertical take off and landing unmanned aerial vehicle (VTOL UAV). The measurements are taken from a low-cost IMU (inertial measurement unit) which consists of 3-axis accelerometers and 3-axis gyroscopes. The gyro bias are estimated online. A second nonlinear complementary filter (z-estimator) which combines 3-axis gyroscope readings with 3-axis magnetometer measurements, is also designed. Based on the proposed estimators, the full orientation matrix R will be retrieved. Note that R evolves on the special orthogonal group     SO   (  3  )   , since it is a transformation matrix between two orthogonal frames. This representation of orientation by the rotation matrix allows to overcome the problem of singularities that appear in local parametrization such as Euler angles. Therefore, both estimators may be used to describe any type of 3D motion. The convergence of the two observers is theoretically and experimentally proven; simulations and experiments are conducted on a real platform in hovering flight conditions.",,https://academic.microsoft.com/paper/2048709072
105,Improvement of Communication Reliability of Small UAV by a Tapered Stacked Antenna,"Duck Hwan Kim,Kyu Hwan Lee,Young Sik Kim","This letter proposes a tapered stacked microstrip antenna for application in small unmanned aerial vehicles (UAVs), which has advantages in mountainous terrains. With its tapered structure and increased bandwidth designed to operate at the resonance frequency of 2.4 GHz, the proposed antenna improves directivity, accuracy, and precision of small UAVs. The test flight results show the proposed tapered antenna has a three times higher impedance capability of 350 MHz based on VSWR<2. The transmission pattern is also more reliable than that of previous antenna designs.",,https://academic.microsoft.com/paper/1993260076
