#,Title,Authors,Abstract,Announced,URL,DOI
1,Experimental Study on Wide-band Waveform Generating and Quadrature Receiving for a SAR on UAV,Fang Li,"wide band waveform generating and quadrature receiving for a SAR on UAV are analyzed and studied in this paper,and the experimental results based on digital direct reading and analog quadrature demodulation are presented.This technique has been applied in a ultrawide band VHF/UHF SAR and achieves favourable results.",,https://academic.microsoft.com/paper/2361962360
2,Study on Present and Future of UAV Mission Payloads,Sun Bin,UAV operations during NATO′s Operation Allied Force in Kosovo attracted the attention of the world. The present and future of the critical imaging detection technologies of UAV are commented in this paper.,,https://academic.microsoft.com/paper/2369271911
3,A study of compatibility of frequency assignment in UAV system,Song Zu,"It is important for electromagnetic compatibility in UAV(Unmanned Air Vehicle) system to select the frequency assignment reasonably. According to the property of UAV , this paper presents a rule of frequency assignment and a model of electromagnetic compatibility prediction(EMCP) for UAV system. Furthermore, the validity of frequency assignment is examined by the EMCP model. The result of some application shows that this approach is valid for frequency assignment for UAV.",,https://academic.microsoft.com/paper/2388737431
4,The Present Situation and Developing Trend of Foreign Military Reconnainssance UAV,Liang De-wen,"This paper mainly discusses the features,existing problems and present situation of foreign military (with emphasis on that of America) reconnainssance UAV when comparing with other reconnainssance systems.On this base,the developing trend of foreign military reconnainssance UAV is emphatically presented.",,https://academic.microsoft.com/paper/2365669588
5,Exploiting indigenous technologies for unmanned air vehicle surveillance system(Review Paper),J. Jayaraman,"""This paper describes the need for an  unmanned air vehicle surveillance system performing the job of a low  cost satellite system. It discusses the requirements of such a system  and outlines a strategy to achieve it. """,,https://academic.microsoft.com/paper/2079588953
6,Unmanned Aerial Vehicles (UAV): an overview,Roland Decuypere,"The allied operations during the Persian Gulf War, in Bosnia and more recently in Kosovo, pointed out that the introduction of advanced technology enables successful military missions, while ensuring nearly zero casualties and only very limited collateral damage. One of the most important principles of warfare is that it is crucial to gather information from the enemy: what are his strong points and what are his weaknesses. Progresses in sensor, in control and in navigation technologies offer completely new opportunities. Some of the possibilities, that are feasible nowadays, would have been qualified, some years ago, as science fiction, without any chance of realization. This paper deals with Unmanned Aerial Vehicles (UAV), which are the flying carriers of these advanced sensors. At the time being these platforms are only operated by the military. However, UAVs have also a very important civil potential. In what follows an overview is given on the different families of unmanned aircraft.",,https://academic.microsoft.com/paper/2501031349
7,The Potential Impact of Utilizing Advanced Engine Technology for a Combat Capable Unmanned Air Vehicle (UAV),"Greg B. Bruening,James R. Snyder,Raymond E. Fredette","This paper evaluates the potential impact of utilizing advanced engine technology for a limited life, combat capable, unmanned air vehicle (UAV) application. A study was conducted to define payoffs in terms of mission capability and system level life cycle costs (LCC) associated with implementing three different engine development approaches into a combat capable UAV design. The three different approaches considered were: a new, advanced technology engine; an existing (off-the-shelf) engine; and a derivative of an existing engine with limited technology insertion, A detailed vehicle configuration design was developed to conduct this assessment, including a low observable (LO), highly integrated engine/airframe layout for survivability and mission adaptable considerations. The vehicle is designed with multirole mission capability such as suppression of enemy air defense (SEAD), close air support (CAS), and battlefield air interdiction (BAI). A system level performance comparison is assessed with the three different engine approaches, specifically for the SEAD-type mission. For the cost analysis, the multirole mission capability is reflected in the overall assumptions such as in the number of aircraft needed to meet the mission requirements. A system level assessment such as in this study is essential in determining whether the additional costs associated with the development of a new, advanced engine is worth the investment. The results of this study suggest that advanced engine technology insertion can provide significant benefits in terms of mission range capability, vehicle weight/size, and overall life cycle costs versus an existing engine.",,https://academic.microsoft.com/paper/2060689906
8,Discussion of UAV SAR/MTI Reconnaissance Technology,YU Guang-zheng,"In this paper, the research and development trend of UAV-borne SAR/MTI radar abroad is introduced, main specifications of three bands, X,Ka and are provided. From the view of engineering realization, problems in the development of SAR/MTI radar are emphtically discussed,including UAV, imaging mode of SAR, compatibility of MTI, frequency band selection, transmission mode of SAR imaging real-time data processing, inertial guidance system, and imaging algorithm of imaging. Finally,imaging algrithm is bronght forward.",,https://academic.microsoft.com/paper/2384395802
9,Application of piezoresistive pressure sensor in UAV,Yuan Zhi-rong,"A characteristic of piezoresistive pressure sensor and some parameters used to compute altitude and velocity in unmanned air vehicle(UAV) are introduced.The sensor's temperature characteristic is further improved after temperature compensation,it has achieved a satisfactory result by using single chip processor to compute altitude and velocity.The application prospect of the piezoresistive pressure sensor is analysed.",,https://academic.microsoft.com/paper/2391701438
10,Image Exploitation-A Forefront Area for UAV Application,"Jharna Majumdar,Ankur Duggal,K. G. Narayanan","Image exploitation, an innovative image utilisation program uses high revisit multisensor, multiresolution imagery from unmanned air vehicle or other reconnaissance platform for intelligent information gathering. This paper describes the imagc exploitation system developed at the Aeronautical Dcvclopment Establishment, Bangalore, for the remotely piloted vehicle (RPV) Nishonr and highlights two major areas (i) In-flight imagc exploitation, and (ii) post-flight imagc cxploitatlon. In-flight imagc study includes real-timeenhancement of images frames during RPV flight. target acquisition. calculation of geo-location of targets, distance and area computation, and image-to-map correspondence. Post-flight image exploitation study includes image restoration, classtfication of terrain, 3-D depth computation using stereo vision and shape from shading techniques. The paper shows results obtained in each of these areas from actual flight trials.",,https://academic.microsoft.com/paper/2035696469
11,Ground control stations for unmanned air vehicles (Review Paper),G. Natarajan,"""During the last five decades, the world  has witnessed tremendous growth in the military aircraft technology and  the air defence weapons technology. Use of manned aircraft for routine  reconnaissance/surveillance missions has become a less preferred option  due to possible high attrition rate. Currently, the high political cost  of human life has practically earmarked the roles of reconnaissance and  surveillance missions to the unmanned air vehicles (UAVs). Almost every  major country has a UAV program of its own and this interest has spawned  intensive research in the field of UAVs. Presently, the UAVs come in  all shapes and sizes, from palm top micro UAVs to giant strategic UAVs  that can loiter over targets for extended periods of time. Though UAVs  are capable of operating at different levels of autonomy, these are  generally controlled from a ground control station (GCS). The GCS is the  nerve centre of activity during UAV missions and provides necessary  capability to plan and execute UAV missions. The GCS incorporates  facilities, such as communication, displays, mission planning and data  exploitation. The GCS architecture is highly processor-oriented and  hence the computer hardware and software technologies play a major role  in the realisation of this vital system. This paper gives an overview of  the GCS, its architecture and the current state-of-the-art in various  subsystem technologies.",,https://academic.microsoft.com/paper/2064935131
12,Display Signaling in Augmented Reality: Effects of Cue Reliability and Image Realism on Attention Allocation and Trust Calibration:,"Michelle Yeh,Christopher D. Wickens","This experiment seeks to examine the relationships among three advanced technology features (presentation of target cuing, reliability of target cuing, and level of image reality and the attention and trust given to that information). The participants were 16 military personnel who piloted an unmanned air vehicle and searched for targets camouflaged in terrain, which was presented at two levels of image realism. Cuing was available for some targets, and the reliability of this information was manipulated at two levels (100% and 75%). The results showed that the presence of cuing aided target detection for expected targets but drew attention away from the presence of unexpected targets. Cuing benefits and attentional tunneling were both reduced when cuing became less reliable. Increasing image realism was compelling but increased reliance on the cuing information when those data were reliable. Potential applications include a cost-benefit analysis of how trust modulates attention in the use of automated ta...",,https://academic.microsoft.com/paper/2129001561
13,"Short‐range, unmanned air vehicle system development at Cranfield","Robert Jones,David Dyer,Peter Thomasson","In the mid‐1990s Cranfield began work on a programme to develop a short‐range, unmanned air vehicle system for surveillance use. The basic aim of the work was to prove the technologies to provide real time reconnaissance imagery of ground targets to operators having the minimum of skills in air vehicle operations. Cranfield was able to bring a wide range of proven skills to the programme in the areas of airframe and control system design, mathematical modelling and real time simulation plus system integration and flight trials. All of these contributed to the work described here. The programme led to the demonstration of a complete “Observer” system, including the new Cranfield A3 air vehicle, which met the requirements for a robust, simple to operate system for providing the imagery information required without the need to master the complexities of the technologies deployed to provide it.",,https://academic.microsoft.com/paper/2077780607
14,Uncooled thermal imaging sensor for UAV applications,"Derick M.T. Cochrane,Paul Antony Manning,Tim A. Wyllie","Research by DERA aimed at unmanned air vehicle (UAV) size reduction and control automation has led to a unique solution for a short range reconnaissance UAV system. Known as OBSERVER, the UAV conventionally carries a lightweight visible band sensor payload producing imagery with a large 40°x90° field of regard (FOR) to maximize spatial awareness and target detection ranges. Images taken from three CCD camera units set at elevations from plan view and up to the near horizon and are 'stitched' together to produce the large contiguous sensor footprint. This paper describes the design of a thermal imaging (TI) sensor which has been developed to be compatible with the OBSERVER UAV system. The sensor is based on UK uncooled thermal imaging technology research and offers a compact and lightweight solution operating in the 8-12 μm waveband without the need for cryogenic cooling. Infra-red radiation is gathered using two lead scandium tantalate (PST) hybrid thermal detectors each with a 384 X 288 pixel resolution, known as the Very Large Array (VLA). The TI system is designed to maintain the imaging format with that of the visible band sensor. In order to practically achieve this with adequate resolution performance, a dual field of view (FOV) optical system is used within a pitchable gimbal. This combines the advantages of a wide angle 40°x30° FOV for target detection and a narrow angle 13°x10° FOV 'foveal patch' to improve target recognition ranges. The gimbal system can be steered in elevation to give the full 90° coverage as with the visible band sensor footprint. The concept of operation is that targets can be detected over the large FOV and then the air vehicle is maneuvered so as to bring the target into the foveal patch view for recognition at an acceptable stand-off range.",,https://academic.microsoft.com/paper/2082206846
15,Parachute recovery for UAV systems,Tim Wyllie,"Parachute recovery systems are described from a systems perspective. Parachute recovery is particularly suited to tactical fixed wing UAV systems that require a high degree of mobility by allowing air vehicle recovery onto unprepared terrain. The descent environment is described, and the impact of wind on recovery is considered. The relative merits of cruciform, round and parafoil canopies are assessed, taking three real‐world systems as design examples. Throughout, design considerations are approached from a systems perspective, with a view to producing safe, autonomous and accurate recovery systems.",,https://academic.microsoft.com/paper/2043062716
16,Evolutionary algorithm based off-line path planner for UAV navigation,"Ioannis K. Nikolos,Nikos C. Tsourveloudis,Kimon P. Valavanis","An off-line path planner for Unmanned Air Vehicles is presented. The planner is based on Evolutionary Algorithms, in order to calculate a curved pathline with desired characteristics in a three-dimensional environment. The pathline is represented using B-Spline curves, with the coordinates of its control points being the genes of the Evolutionary Algorithm artificial chromosome. The method was tested in an artificial three-dimensional terrain, for different starting and ending points, providing very smooth pathlines under difficult constraints.",,https://academic.microsoft.com/paper/2214049176
