#,Title,Authors,Abstract,Announced,URL,DOI
1,Flight Maneuver Loads Calculation of the Small UAV's Tail,Wang He,"The flight maneuver loads design and calculation of the small UAV's tail were studied in the paper. First of all, on the basis of Military Aircraft Strength and Rigidity Specification, the symmetrical flight maneuver loads of the small UAV's tail were given for the conditions of the steady pitching maneuver and the abrupt pitching maneuver. Secondly, based on the Airplane Strength Specification (1975) and the flight features of the small UAV, the flight maneuver loads of the small UAV's tail were calculated. By understanding the two strength specifications and analyzing the results calculated by the two specifications, a preliminary conclusion could be drawn that the specification of 1975 was suitable for the flight maneuver loads calculation of the small UAV's tail and the results calculated by the specifications were conservative. ",,https://academic.microsoft.com/paper/2391149407
2,Redundancy Design of Retrieval System for Mini UAV,Fang Xiao,"Base on the bi-CPU flying control system,a safe retrieving system for unmanned airplane is designed. The maim function of the system is to safely retrieve the flying airplane,whether the flying condition or the condition of either one CPU is normal or not.Safety is guaranteed through redundancy design with superfluous complementary functions.",,https://academic.microsoft.com/paper/2392342018
3,Model of a gyroscope control for an autonomous scanning device aboard of a UAV,"M. Fusik,Z. Koruba","The paper presents a niodel of optical scanning system that can be used as means of detection and tracking of moving ground vehicles. The device can be mounted aboard of a UAV. Kinematic relations between UAV, moving target ami changes in position of an optical axis of scanning device are derived. A model of a gyroscope control as a servomechanism of the scanning device is presented.",,https://academic.microsoft.com/paper/232277759
4,Semi-automatic Penetration Visualization Simulation of UAV Based on Large-scale Terrain,Xie Xiao-fang,"Firstly, the paper introduces distributed application structure of UAV simulation system, secondly, making using of algorithm of AOI, LOD and TTM, it converts and schedules the terrain, then it controls the flight using the collide detection and external manipulation. At last, we provide the instance and analyse the realtime capability of the system.",,https://academic.microsoft.com/paper/2384601806
5,Research on Fault Online Detect of UAV Engine Start and Pull Up Circuit,Li Yong,"To solve the flight fault hidden trouble of certain UAV (Unmanned Aerial Vehicle) engine, a study through the model of the engine starting and pulling up circuit fault is carried out. By using of Pspice simulation software for circuit fault simulation, the fault diagnosis technology based on fault dictionary is established to analyse fault dictionary. A set of online fault testing system is designed and the test strategy of \!state transmit\"" is put forward. Having simplified system to design and raised fault diagnosis efficiency, the system has realized the online detection of starting and pulling up circuit fault of UAV engine, ensureding the completion of flight task and the flight safety of UAV.",,https://academic.microsoft.com/paper/2382885438
6,The Application of Distance Measurement Based on the Monocular Camera Machine Vision in the System of Auto-landing on Deck of UAV,Yang Ying,"The paper introduces the conception of machine vision,discusses the application of the airborne monocular camera machine vision in the system of auto landing on deck of UAV.On the basis of quick detection of the front naval ship and beforehand calibration of camera,using the theories and methods of machine vision,the intrinsic parameters of camera and projective geometry,the distance between the UAV and the naval ship is reckoned in the paper.Finlly it prospects the development and applications of machine vision.",,https://academic.microsoft.com/paper/2381378803
7,Unmanned air vehicle′s applied foreground in future warfare from the American development,Wen Xian,"Based on requirement of military and promotion of technology,the development of unmanned air vehicle in the United States is discussed in detail,the use of unmanned air vehicle in actual combat ,its new series and broad applied future are analyzed.",,https://academic.microsoft.com/paper/2359018329
8,Using Local Optimization Operator in Genetic Algorithm for UAV Route Planning Problem,Chang Wen-sen,"To get the optimal flight routes which satisfy constraints such as mission request, navigation and security in large scope and real terrain important to enhance the unmanned aerial vehicle (UAV)'s weapon system efficiency. An improved genetic algorithm which based on direct encoding method of individual and local optimization operator is represented to solve the route planning problem. By applying the complex constraints to the evolutionary process, the algorithm can overcome the drawbacks of canonical GA. The control parameters are selected by the uniform design of the experimental method, and the result of examples has proved that the algorithm is effective.",,https://academic.microsoft.com/paper/2382330415
9,UAV Flight Control Based on Three Section Combination Control Tactics,Xie Jun,"According to UAV flight control' character,this paper presents a new three section combination control tactics. The control tactics include coventional control based on the design of linear control system,super-conventional control based on fuzzy measurement inference and harzard control based on critical criterion. The centre of process unit in UAV receives the signals of informative sources such as radar,sensors and so on,figures out,processes and produces the evaluation signalAccording to it ,the status selector selects the right control signal and controls the terrace of UAV.",,https://academic.microsoft.com/paper/2383887228
10,An Analysis of Electromagnetic Environmental Effects on a UAV System,YU Bian-zhang,"Today, a UAV (unmanned air vehicle) system should be passessed of excellent be adaptability to the increasingly adverse and complicated electromagnetic environment (EME) which comes from the nature, battlefield and UAV itself. By analyzing the EME and its influence on a UAV system, some typical models concerning on the EME are developed. Moreover, a system analysis approach of EME effects on the UAV is put forward. Finally, an evaluation rule based on electromagnetic compatibility standards and specifications is developed for the simulation and prediction of the EME effects on a UAV system.",,https://academic.microsoft.com/paper/2386406255
11,"On Influence of High Altitude, Low Velocity and Low Reynolds Number on the Performance of Engine's Components and Whole Engine",HE Li-ming,"For investigating the feasibility of the FWS-9 engine used as the propulsion device of high altitude unmanned air vehicle,on the basis of Reynolds number correction to the engine's revolving components (compressor and turbine), the influence of high altitude, low velocity and low Reynolds number on the stability and performance of engine's components (fan, compressor, combustion chamber and turbine) and whole engine was studied.",,https://academic.microsoft.com/paper/2359874062
12,Discuss on Formation Flight of UAV,Zhu Zhan,"The UAV's phylogeny and its development trends in recent years are reviewed. Then its uses in military, economics, science and technology are introduced briefly. The problems are analyzed when using one UAV to carry out the mission and the advantages of formation flight are posed. The external and internal progress and research degree of UAV formation flight are also introduced and the key technologies which ensure the formation flight are discussed and analyzed.",,https://academic.microsoft.com/paper/2393366667
13,Application of magnetic heading sensor in UAV flight control system,Yan Jian-guo,"Magnetic heading sensor V2XG,which senses magnet field with two magneto-inductive sensors,is inexpensive and is easy to integrated into other system.The sensor is used in an UAV heading control system.The interface circuit of the sensor is designed. The algorithms to eliminate constant offset and sensitivity error are given.The final measurement accuray achieves ±2°under a sampling frequency of 5Hz.Application shows that the design has high performance-cost ratio and that the requirement to magnetic heading measurement for UAV flight control is satisfied.",,https://academic.microsoft.com/paper/2391133466
14,The development trend of unmanned air vehicle,Feng Qi,"This paper discusses the developmental impetus, technique foundation and current condition of unmanned air vehicle. The development trend is analyzed on the extended application and improved operational effectiveness of the unmanned air vehicle.",,https://academic.microsoft.com/paper/2375118449
15,Study of Compass Error Compensated Method of an High Precision Three Axis Stripdown Magnetic Heading System,Yuan Zhi-rong,"By study of the three axis magnetic heading sensor compass error compensated method and deduction of formulation,it bring forward a method of realizing compass error compensated in UAV(unmanned air-vehicle),it proved this method was simple and credibility by experimentation and application,it had the better resolute of compensated and practicable value.",,https://academic.microsoft.com/paper/2356081237
16,The function of the UAV in electronic warfare,Chen Zi-li,"The modern warfare is the information warfare and electronic warfare with high technology. UAV is an unmanned aerial vehicle, it has the characteristics of cheap cost,dare casualty,agility and nicer covered, so in the future electronic warfare,UAV may be used for the battle field reconnaissance,electronic jamming and electronic radiancy for the modern warfare. Along with the development of the UAV technology,it must be more and more important in the modern warfare.",,https://academic.microsoft.com/paper/2359686806
17,A Model of Target Position for UAV Based Attitude Measuring/Laser Range-Finder,Mao Zhao,"When supporting naval gun against shore targets,UAV is expected to provide realtime accurate coordination information of targets for the gunning command.This paper gives a model that uses the digital map transmitted back by the UAV and DEM to determine the coordination information of targets.The accuracy and Realtime capability are both approved by err simulation",,https://academic.microsoft.com/paper/2384822324
18,Design of Flight Control and Managing Computer for a Small Reconnaissance UAV,Fang Xiao,"Design principles of the flight control and managing computer of a small reconnaissance UAV are presented. Topics on basic functions and composition of the system; the regulation of auto-pilot, control of the engine, the reconnaissance equipment, and the retrieval mechanism; the electromagnetic compatibility; and the related software design are discussed in detail.",,https://academic.microsoft.com/paper/2358897177
19,Design of the Automatic Recovery Control System of the UAV,Qi Zhao,"The automatic recovery PD control system of the UAV is analyzed and designed.Using this control system,the 6 freedom automatic recovery process of the UAV is simulated too.The result of simulation indicates that the control system can be applied to the precise recovery of the UAV.",,https://academic.microsoft.com/paper/2358146278
20,Influence of unmanned air vehicle on future air defence operation and its countermeasures study,Li Wei,"UAV is an important threat in future air defence battlefield.The influence of unmanned vehicle on air defence operation is analyzed by considering the threat of UAV,especially put emphases on the countermeasures to UAV.",,https://academic.microsoft.com/paper/2358820834
21,Study of an Intelligent PID Attitude Controller for UAV,Zhang Min,"The attitude control is the base of autonomic flight control for unmanned aerial vehicle (UAV). The control law is the most important part to the flight quality and it determines whether the UAV can fulfill the target of autonomic flight. For the aim of good control result in all the flight states. This paper introduces intelligent control methods based on humanized intelligent proportion, integral and single neural unit control. A new type of the intelligent PID controller for the attitude control of UAV is given. Simulational results show that the controller has characteristics of relative simple arithmetic, easy to implement stronger roubst and adaptive capacity over the normal PID controller.",,https://academic.microsoft.com/paper/2370564620
22,UAV Positioning Technology and Its Application,HE Wen-tao,"This paper analysed the UAV positioning process and theory,and discussed mainly the UAV positioning accuracy.The various positioning methods are compared.Finally,the result that the hitting probability of O.T.H missile could be improved by using UAV positioning technology can be obtained.",,https://academic.microsoft.com/paper/2347854676
23,Hardware Design of UAV Flight Controller,Liu Ge,"The small commercial unmanned aerial vehicle flight controller is developed based on single chip processor 80C196KC and programmable system device PSD813F1. The key techniques related to hardware design are discussed. The design is noted for its simple structure, high reliability, system-opening etc.",,https://academic.microsoft.com/paper/2352111451
24,Development of Digital Flight Control System for UAV,Yuan Suo,"A digital flight control system is developed for an Unmanned aerial vehicle. The system function and architecture are introduced in detail. To fulfill the system requirement, the control strategy is given and embedded real time flight control software is developed. The developed digital flight control has been testified in the hardware-in-loop simulation.",,https://academic.microsoft.com/paper/2388059407
25,Aircraft airworthiness certification standards for civil UAVs,"D. R. Haddon,C. J. Whittaker","The CAA has recognised the need to develop civil standards for unmanned aerial vehicles (UAVs). Accordingly the CAA Directorate of Airspace Policy has published the document 'CAP 722 - Unmanned Air Vehicle Operation in UK Airspace - Guidance', (which can be accessed via the CAA website - http://www.caa.co.uk/docs/33/CAP722.pdf). The document itemises the top-level military and civil regulations which impact upon the operation of UAVs in the UK. One of the items listed within the document is 'Civil Certification' of UAVs. This particular aspect is the responsibility of the Design and Production Standards Division, (D and PSD), of the CAA Safety Regulation Group. The purpose of this paper is to present and explain the current position of D and PSD regarding the appropriate design standards to be applied for the civil certification of the airworthiness of UAVs. This paper presents the CAA position that UAVs should be granted permission to fly by qualifying for certificates of airworthiness, by demonstration of compliance with defined airworthiness standards comparable to, and derived from, those applied to manned aircraft. The paper also presents a method for determining, to a first approximation, the level of airworthiness standards which should be applied to any particular design of UAV by reference to the existing codes of airworthiness requirements for manned aircraft. Language: en",,https://academic.microsoft.com/paper/2245850291
26,Demonstrating UAV-acquired real-time thermal data over fires,"Vincent G. Ambrosia,Steven S. Wegener,Donald V. Sullivan,Sally W. Buechel,Stephen E. Dunagan","Project FiRE (First Response Experiment), a disaster management technology demonstration, was performed in 2001. The experiment demonstrated the use of a thermal multispectral scanning imager, integrated on an unmanned aerial vehicle (UAV), a satellite uplink/downlink image data telemetry system, and near-real-time geo-rectification of the resultant imagery for data distribution via the Internet to disaster managers. The FiRE demonstration provided geo-corrected image data over a controlled burn to a fire management community in near-real-time by means of the melding of new technologies. The use of the UAV demonstrated remotely piloted flight (thereby reducing the potential for loss of human life during hazardous missions), and the ability to ""linger and stare"" over the fire for extended periods of time (beyond the capabilities of human-pilot endurance). Improvements in a high-temperature calibrated thermal imaging scanner allowed ""remote"" operations from a UAV and provided real-time accurate fire information collection over a controlled burn. Improved bit-rate capacity telemetry capabilities increased the amount, structure, and information content of the image data relayed to the ground. The integration of precision navigation instrumentation allowed improved accuracies in geo-rectification of the resultant imagery, easing data ingestion and overlay in a GIS framework. We present a discussion of the feasibility of utilizing new platforms, improved sensor configurations, improved telemetry, and new geo-correction software to facilitate wildfire management and mitigation strategies. Language: en",,https://academic.microsoft.com/paper/2319158176
27,Wind Tunnel Test of an Unmanned Aerial Vehicle (UAV),"Chung Jindeog,Lee Jangyeon,Sung Bongzoo,Koo Samok","A low speed wind tunnel test was conducted for full-scale model of an unmanned aerial vehicle (UAV) in Korea Aerospace Research Institute (KARI) Low Speed Wind Tunnel (LSWT). The purpose of the presented paper is to illustrate the general aerodynamic and performance characteristics of the UAV that was designed and fabricated in KARI. Since the testing conditions were represented minor portions of the load-range of the external balance system, the repeatability tests were performed at various model configurations to confirm the reliability of measurements. Variations of drag-polar by adding model components such as tails, landing gear and test boom are shown, and longitudinal and lateral aerodynamic characteristics after changing control surfaces such as aileron, flap, elevator and rudder are also presented. To explore aerodynamic characteristics of an UAV with model components build-up and control surface deflections, lift curve slope, pitching moment variation with lift coefficients and drag-polar are examined. The discussed results might be useful to understand the general aerodynamic characteristics and drag pattern for the given UAV configuration.",,https://academic.microsoft.com/paper/1924345386
28,Design and development of a robust ATP subsystem for the altair UAV-to-ground lasercomm 2.5 Gbps demonstration,"Gerardo G. Ortiz,Shinhak Lee,Steve P. Monacos,Malcolm W. Wright,Abhijit Biswas","A robust acquisition, tracking and pointing (ATP) subsystem is being developed for the 2.5 Gigabit per second (Gbps) Unmanned-Aerial-Vehicle (UAV) to ground free-space optical communications link project. The demonstration will gather HDTV images of regions of geological interest (e.g. volcanic) and then downlink those images to ground receivers at a range of 50 km while the UAV is at an altitude of 18 km. With a 200 mW downlink laser at 1550 nm for a BER of 1E-9, the pointing requirements on the flight terminal are a jitter error of 19.5 urad and a bias error of 14.5 urad with a probability of pointing induced fades of 0.1 %. In order to mitigate the effect of atmospheric fades and deal with UAV flight and vibration uncertainties (relatively new craft) the ATP subsystem requirements have been set to a stringent level in order to assure success of the communication link. The design, analysis and development of this robust ATP subsystem will be described in this paper. The key innovations that have been developed to make the ATP subsystem robust are i) the application of inertial sensors to make the acquisition and tracking functions tolerant to atmospheric fades, ii) the usage of active exposure control to provide a 16 dB dynamic range on the Focal Plane Array (FPA) tracking window, and iii) the introduction of a second ultra wide field of view camera to assure acquisition of the ground beacon.",,https://academic.microsoft.com/paper/2115060200
29,Fuzzy logic based closed-loop strapdown attitude system for unmanned aerial vehicle (UAV),Sung Kyung Hong,"Abstract   This paper describes the development of a fuzzy logic based closed-loop strapdown attitude reference system (SARS) algorithm, integrated filtering estimator for determining attitude reference, for unmanned aerial vehicles (UAVs) using low-cost solid-state inertial sensors. The SARS for this research consists of three single-axis rate gyros in conjunction with two single-axis accelerometers. For the solution scheme fuzzy modules (rules and reasoning) are utilized for online scheduling of the parameters for the filtering estimator. Implementation using experimental flight test data of SURV-1 Sejong UAV has been performed in order to verify the estimation. The proposed fuzzy logic aided estimation results demonstrate that more accurate performance can be achieved in comparison with conventional fixed parameter filtering estimators. The estimation results were compared with the on-board vertical gyro used as the reference standard or ‘truth model’ for this analysis.",,https://academic.microsoft.com/paper/2013357924
