#,Title,Authors,Abstract,Announced,URL,DOI
1,Application of UAV in battlefield reconnaissance and target designation,Zhang Wei,"Effective and real time knowledge of battlefield situation and enemy or friendly force dispositions becomes a key factor to win a modern war.UAV,depending on its features better than manned flight vehicle and satellite,is playing an important role in battlefield reconnaissance and target designation.A battlefield reconnaissance and target designation system based on UAV is described in this paper.Key technologies and possible solutions of the image subsystem is also discussed.",,https://academic.microsoft.com/paper/2356942843
2,UAV Millimeter Wave Synthetic Aperture Radar Technique,Song Wan-zhong,"In this paper,the technique features of UAV millimeter wave synthetic aperture radar(SAR) and microwave synthetic aperture radar are introduced. The key techniques and implementation methods of synthetic aperture radar are discussed.",,https://academic.microsoft.com/paper/2382116357
3,UAV Launching Measure and Control System From Container Based on PC104,Jiang Xiao-ai,"UAV launching measure and control system from container is a kind of embed computer measure and control system (PC104).It includes data sampling and process,computer control and communication.New devices are used here.The system has the features such as advanced technologh,high reliability and it is economically.",,https://academic.microsoft.com/paper/2387732116
4,Simulation of Unmanned Air Vehicle Launching Process and Its Sensitivity Analysis,Chen Peng,"In this paper,the general motion equations of the unmanned air vehicle in consideration of propeller movement are outlined and derived.A numerical simulation of unmanned aircraft launching process is completed and its results are compared with real flight test results and the comparison shows that the consistency between the two results is fairly good.Furthermore,various effects,such as aerodynamic parameter,flight control parameter,rocket fixed parameter,on take off performance for the unmanned air vehicle are analyzed.",,https://academic.microsoft.com/paper/2375846092
5,Discuss on Flying Simulation Model of UAV Attacking AWACS,Dong Jie,"Highaltitudeandspeed Antiradiation Unmanned Aerial Vehicle (UAV) is one of the most important weapons that can be used to attack Airborne Warning and Control System aircraft (AWACS) in future air warfare. According to technological data from a certain kind of UAV and setting AWACS as simulative target, the author considers the way to integrate highspeed Antiradiation Missile (HARM) technology with UAV technology and establishes flying simulation model of UAV attaching AWACS. Analyses on the realtime results from digital simulation also prove the feasibility of using UAV to attack AWACS.",,https://academic.microsoft.com/paper/2368519243
6,Scheme of Secure Telemetry Data Transmitting System Using in Certain UAV System,Kuang Wei,"The scheme of secure telemetry data transmitting system using in certain UAV system is discussed here. This encryption not only has strong security, but also can be easy realized, with few error spreading and no message spreading. Thinking of the error correction coding technique in this telemetry data transmitting system, the encryption technique and coding technique are tie in one by reasonable way, so both can behave in best performance. This scheme is very suitable for telemetry data format. Recent test fly approves this scheme work well and reliably.",,https://academic.microsoft.com/paper/2362879151
7,EMBEDDED SOFTWARE DESIGN AND SYSTEM INTEGRATION FOR ROTORCRAFT UAV USING PLATFORMS,"Benjamin Horowitz,Judith Liebman,Cedric Ma,T. John Koo,Thomas A. Henzinger","Abstract   Automation control systems typically incorporate legacy code and components that were originally designed to operate independently. Furthermore, they operate under stringent safety and timing constraints. Current design strategies deal with these requirements and characteristics with ad hoc approaches. In particular, when designing control laws, implementation constraints are often ignored or cursorily estimated. Indeed, costly redesigns are needed after a prototype of the control system is built due to missed timing constraints and subtle transient errors. In this paper, we use the concepts of platform-based design, and the Giotto programming language, to develop a methodology for the design of automation control systems that builds in modularity and correct-by-construction procedures. We illustrate our strategy by describing the (successful) application of the methodology to the design of a time-based control system for a rotorcraft Uninhabited Aerial Vehicle (UAV).",,https://academic.microsoft.com/paper/2005231595
8,Unmanned aircraft navigation for shipboard landing using infrared vision,"O.A. Yakimenko,I.I. Kaminer,W.J. Lentz,P.A. Ghyzel","This paper addresses the problem of determining the relative position and orientation of an unmanned air vehicle with respect to a ship using three visible points of known separation. The, images of the points are obtained from an onboard infrared camera. The paper develops a numerical solution to this problem. Both simulation and flight test results are presented.",,https://academic.microsoft.com/paper/2146183297
