#,Title,Authors,Abstract,Announced,URL,DOI
1,A study on the various factors of effecting propeller-UAV launching safety,Zhu Xiao,"In this paper,a study is made on the natural parameters and external parameters that affect the UAV launch.The conclusions are gotten as follow according to the zero length launch principle and many UAVs launch simulations and launch flight tests,such as the main factors of effecting propeller UAV launch safety are the inverse torque of single propeller, the relative position of the rocket thrust vector to gravity center, the rocket setting angle, the plane launching angle,the actuator deadband and the launch environment etc.Taking the height, speed, and load factor as constraints, a simulating methods is also presented in the paper to determine the total impulse of rocket, the relative position of rocket thrust line, the rockct setting angle, the plane launching angle, wind vector etc. These conclusions and method have important engineering significaticn for solving propeller UAV launching safety problem.",,https://academic.microsoft.com/paper/2370295123
2,The Role of Research on Servoaeroelasticity in Design of UAV,Guan Shi-yi,"The role of research on elastic aircaraft as a controlled object, the problem of designing Unmanned Aerial Vehicle (UAV), the relationship between research on servoareoelasticity and aircaraft overall system design have been studied, an important analytical method for designing UAV has been proposed.",,https://academic.microsoft.com/paper/2347923185
3,A Method to Follow the Tracks of Unmanned Air Vehicles(UAV),Li Zhi,"Aim\ To test and verify the feasibility of the plan, in which a computer is used to control the radar antenna system. Methods\ The radar antenna system is controlled by a computer to follow the tracks of UAV. Results\ The tracking characteristic of the radar antenna control system is tested and analyzed. Conclusion\ It is very useful for supporting data analysis and preparing the necessary data and information for develope ment of a radar tracking emulator and control plan.",,https://academic.microsoft.com/paper/2356906739
4,Mathematical model of uav in numerical simulation of the recovery manoeuvre in a perturbed flight,"Mariusz Krawczyk,Jerzy Graffstein,Jerzy Maryniak","The study presents a mathematical model in terms of the Boltzmann-Hamel equations representing a controlled Unmanned Aerial Vehicle (UAV) motion. The widely known problems with takeoff and recovery manoeuvres of UAV are considered. Both manoeuvres are characterised by low velocities, large angles of attack and relatively low efficiency of the control, so the sophisticated procedures are then necessary to ensure flight safe during these phases of motion. Some results of the first phase of recovery manoeuvre numerical simulations are reported.",,https://academic.microsoft.com/paper/1577202684
5,Analysis of a Failure Detection and Identification Scheme for the Eagle-Eye Unmanned Air Vehicle*,"Constantino Rago,K. Raman Mehra","Abstract   On-line Health Monitoring-Failure Detection and Identification (HM-FDI) is a critical technology for improving transportation safety. In this paper, we presens new results on the performance of the Interacting Multiple Model (IMM) Kalman Filter (KF) approach for FDI in the presence of unmodeled/unexpected failures . The present work is centered on the flight sensor suite for the Eagle-Eye Unmaned Air Vehicle (UAV) from Bell Helicopter. Three kind of unexpected failures were tested: mismatched increased noise, calibration failure and a bias increase. The filter was successful in detecting the failures and isolating them rapidly and accurately based on the available models.",,https://academic.microsoft.com/paper/2617386512
6,3D Local Trajectory Planner for UAV,"Jerzy Z. Sasiadek,Ignacy Dulęba","In this paper a local trajectory planner is described and applied. This planner works in three dimensional environment populated with static and passive movable obstacles. The main contribution of this paper is a proposal of a new method of autonomous navigation. Novelty of this approach relies on splitting the motion planning problem into two stages: a decision mode and a trace mode. In the decision mode, vehicle selects its current direction of motion on the basis of the current value of a performance index. In the trace mode vehicle traces boundary and edges of obstacles using its on-board sensors. Depending on vehicle""s environment, the two modes follow one another many times. Another new idea is a negative velocity feedback. The feedback stabilizes velocity of the vehicle around a value considered safe in a given environment. The planner, although autonomous, may be adjusted by higher order system (strategic behavior) by changing its parameters. It is not computationally intensive and therefore can be used in real-time applications.",,https://academic.microsoft.com/paper/1488505718
7,The Department of Energy's Atmospheric Radiation Measurement (ARM) Unmanned Aerospace Vehicle (UAV) Program,"G. L. Stephens,R. G. Ellingson,J. Vitko,W. Bolton,T. P. Tooman","Abstract The U.S. Department of Energy has established an unmanned aerospace vehicle (UAV) measurement program. The purpose of this paper is to describe the evolution of the program since its inception, review the progress of the program, summarize the measurement capabilities developed under the program, illustrate key results from the various UAV campaigns carried out to date, and provide a sense of the future direction of the program. The Atmospheric Radiation Measurement (ARM)–UAV program has demonstrated how measurements from unmanned aircraft platforms operating under the various constraints imposed by different science experiments can contribute to our understanding of cloud and radiative processes. The program was first introduced in 1991 and has evolved in the form of four phases of activity each culminating in one or more flight campaigns. A total of 8 flight campaigns produced over 140 h of science flights using three different UAV platforms. The UAV platforms and their capabilities are describ...",,https://academic.microsoft.com/paper/1991723338
